product_id,name,description_html,slug,external_id,price_net,price_gross,price_olx,price_legacy,base_price,price_text,discount_percent,tooth_cost,tooth_quantity,teeth_enabled,category_path,category_slugs,weight_range,subcategory,price_tier,ripper_tier,brand_name,brand_slug,status,is_featured,featured_rank,quantity,phone_order_only,location,image_url_1,image_url_2,image_url_3,image_url_4,image_url_5,image_url_6,image_url_7,image_url_8,image_url_9,image_url_10,dimension_a,dimension_b,dimension_c,dimension_d,mount_systems_codes,mount_systems_titles,mount_systems_prices,drill_bits_titles,drill_bits_prices,technical_drawing_url,technical_drawing_title,technical_drawings_codes,technical_drawings_titles,technical_drawings_urls,spec_width_cm,spec_pin_diameter_mm,spec_volume_m3,spec_cutting_edge,spec_tooth_thickness,spec_tooth_count,spec_features,spec_machine_compatibility,spec_quick_coupler,spec_kinetyka,spec_ramie,spec_center,spec_weight,spec_machine_weight,similar_products_names,similar_products_slugs,recommendation_enabled,recommendation_keywords,recommendation_exclude_categories,views_count,date_updated,date_created,vat
grabie-100cm-12mm,Grabie 100cm gruboÅ›Ä‡ zÄ™ba 12mm,"Grabie 100cm z 20 zÄ™bami gruboÅ›Ä‡ 12mm. Lemiesz tnÄ…cy Hardox HB500. Kompatybilne z JCB, CAT, Yanmar, Volvo, Bobcat, Hitachi, Atlas, Hyundai, Case, John Deere, Mecalac, Kubota, Liebherr, Taeuchi. SzybkozÅ‚Ä…cza: MS01, MS03, CW05.

ğŸšš **Szybka dostawa:** Produkty dostÄ™pne na magazynie - wysyÅ‚ka w ciÄ…gu 24h od potwierdzenia zamÃ³wienia. Gwarantujemy dostawÄ™ w 48h na terenie caÅ‚ej Polski.",grabie-100cm-12mm,grabie-100cm-12mm,1500,1845,1620,1500,1500,,0,0,20,false,Grabie/Grabie 100cm â€¢ 12mm zÄ™by,,,grabie-100-12,1.5-2.3t,,MiniTeamProject,,new,false,0,4,false,CieszkÃ³w,https://cdn.sanity.io/images/3a7q0xhj/production/5e983e8d8dac6726a80e2fd9a0b09ecf738d4a2a-578x432.png,,,,,,,,,,0,0,0,0,,,,,,/images/techniczne/grabie_100cm_grubosc_zeba_12mm.pdf,Rysunek techniczny - Grabie 100cm gruboÅ›Ä‡ zÄ™ba 12mm,,,https://cdn.sanity.io/images/3a7q0xhj/production/f9e42137c038d694a067df7faa44c512f222bc69-3309x2339.png,100,0,0,,12,20,20 zÄ™by gruboÅ›Ä‡ 12mm;Lemiesz Hardox HB500;Kompatybilne mocowania,JCB;CAT;Yanmar;Volvo;Bobcat;Hitachi;Atlas;Hyundai;Case;John Deere;Mecalac;Kubota;Liebherr;Taeuchi,"Lehnhoff MS01, MS03, Verachtert CW05",0,0,,,,,,false,,,0,2025-08-09T16:00:00Z,2025-08-15T07:00:21Z,23
grabie-100cm-15mm,Grabie 100cm gruboÅ›Ä‡ zÄ™ba 15mm,"Grabie 100cm z 20 zÄ™bami gruboÅ›Ä‡ 15mm. Lemiesz tnÄ…cy Hardox HB500. Kompatybilne z JCB, CAT, Yanmar, Volvo, Bobcat, Hitachi, Atlas, Hyundai, Case, John Deere, Mecalac, Kubota, Liebherr, Taeuchi. SzybkozÅ‚Ä…cza: MS01, MS03, CW05.

ğŸšš **Szybka dostawa:** Produkty dostÄ™pne na magazynie - wysyÅ‚ka w ciÄ…gu 24h od potwierdzenia zamÃ³wienia. Gwarantujemy dostawÄ™ w 48h na terenie caÅ‚ej Polski.",grabie-100cm-15mm,grabie-100cm-15mm,1780,2189.4,1923,1580,1580,,0,0,20,false,Grabie/Grabie 100cm â€¢ 15mm zÄ™by,,,grabie-100-15,1.5-2.3t,,MiniTeamProject,,new,false,0,3,false,CieszkÃ³w,https://cdn.sanity.io/images/3a7q0xhj/production/5e983e8d8dac6726a80e2fd9a0b09ecf738d4a2a-578x432.png,,,,,,,,,,0,0,0,0,,,,,,/images/techniczne/grabie_100cm_grubosc_zeba_15mm.pdf,Rysunek techniczny - Grabie 100cm gruboÅ›Ä‡ zÄ™ba 15mm,,,https://cdn.sanity.io/images/3a7q0xhj/production/889aae8a6804803d62de0c4105ee9888dcd41e3a-3309x2339.png,100,0,0,,15,20,20 zÄ™by gruboÅ›Ä‡ 15mm;Lemiesz Hardox HB500;Kompatybilne mocowania,JCB;CAT;Yanmar;Volvo;Bobcat;Hitachi;Atlas;Hyundai;Case;John Deere;Mecalac;Kubota;Liebherr;Taeuchi,"Lehnhoff MS01, MS03, Verachtert CW05",0,0,,,,,,false,,,0,2025-08-09T16:00:00Z,2025-08-15T07:00:21Z,23
grabie-120cm-standard,Grabie 120cm (Standard),"Grabie 120cm z 22 zÄ™bami gruboÅ›Ä‡ 12mm - wersja standardowa. Kompatybilne z JCB, CAT, Yanmar, Volvo, Bobcat, Hitachi, Atlas, Hyundai, Case, John Deere, Mecalac, Kubota, Liebherr, Taeuchi. SzybkozÅ‚Ä…cza: MS01, MS03, CW05.

ğŸšš **Szybka dostawa:** Produkty dostÄ™pne na magazynie - wysyÅ‚ka w ciÄ…gu 24h od potwierdzenia zamÃ³wienia. Gwarantujemy dostawÄ™ w 48h na terenie caÅ‚ej Polski.",grabie-120cm-standard,grabie-120cm-glowna,2090,2570.7,2258,2090,1700,,0,0,22,false,Grabie,,,lyzki-skarpowe,3-5t,,MiniTeamProject,,hot,true,4,3,false,CieszkÃ³w,https://cdn.sanity.io/images/3a7q0xhj/production/9ffb026d3afed7ca420f6fe11abe76153561c279-654x381.png,,,,,,,,,,0,0,0,0,,,,,,/images/techniczne/grabie_120cm_12mm.pdf,Rysunek techniczny - Grabie 120cm (Standard),,,https://cdn.sanity.io/images/3a7q0xhj/production/992d2a2eadf05c266ec4787fb21b4afc8bda696e-3309x2339.png,120,0,0,,12,22,22 zÄ™by gruboÅ›Ä‡ 12mm;Kompatybilne mocowania,JCB;CAT;Yanmar;Volvo;Bobcat;Hitachi;Atlas;Hyundai;Case;John Deere;Mecalac;Kubota;Liebherr;Taeuchi,"Lehnhoff MS01, MS03, Verachtert CW05",0,0,,,,,,false,,,0,2025-08-09T16:00:00Z,2025-08-15T07:00:21Z,23
grabie-120cm-12mm,Grabie 120cm gruboÅ›Ä‡ zÄ™ba 12mm,"Grabie 120cm z 22 zÄ™by gruboÅ›Ä‡ 12mm. Lemiesz tnÄ…cy Hardox HB500. Kompatybilne z JCB, CAT, Yanmar, Volvo, Bobcat, Hitachi, Atlas, Hyundai, Case, John Deere, Mecalac, Kubota, Liebherr, Taeuchi. SzybkozÅ‚Ä…cza: MS01, MS03, CW05.

ğŸšš **Szybka dostawa:** Produkty dostÄ™pne na magazynie - wysyÅ‚ka w ciÄ…gu 24h od potwierdzenia zamÃ³wienia. Gwarantujemy dostawÄ™ w 48h na terenie caÅ‚ej Polski.",grabie-120cm-12mm,grabie-120cm-12mm,1700,2091,1837,1650,1650,,0,0,0,false,Grabie/Grabie 120cm â€¢ 12mm zÄ™by,,,grabie-120-12,1.5-2.3t,1-1.5t,MiniTeamProject,,new,false,0,2,false,CieszkÃ³w,https://cdn.sanity.io/images/3a7q0xhj/production/9ffb026d3afed7ca420f6fe11abe76153561c279-654x381.png,,,,,,,,,,0,0,0,0,,,,,,/images/techniczne/grabie_120cm_12mm.pdf,Rysunek techniczny - Grabie 120cm gruboÅ›Ä‡ zÄ™ba 12mm,,,https://cdn.sanity.io/images/3a7q0xhj/production/992d2a2eadf05c266ec4787fb21b4afc8bda696e-3309x2339.png,120,0,0,,12,22,22 zÄ™by gruboÅ›Ä‡ 12mm;Lemiesz Hardox HB500;Kompatybilne mocowania,JCB;CAT;Yanmar;Volvo;Bobcat;Hitachi;Atlas;Hyundai;Case;John Deere;Mecalac;Kubota;Liebherr;Taeuchi,"Lehnhoff MS01, MS03, Verachtert CW05",0,0,,,,,,false,,,0,2025-08-09T16:00:00Z,2025-08-15T07:00:21Z,23
grabie-120cm-15mm,Grabie 120cm gruboÅ›Ä‡ zÄ™ba 15mm,"Grabie 120cm z 22 zÄ™by gruboÅ›Ä‡ 15mm. Lemiesz tnÄ…cy Hardox HB500. Kompatybilne z JCB, CAT, Yanmar, Volvo, Bobcat, Hitachi, Atlas, Hyundai, Case, John Deere, Mecalac, Kubota, Liebherr, Taeuchi. SzybkozÅ‚Ä…cza: MS01, MS03, CW05.

ğŸšš **Szybka dostawa:** Produkty dostÄ™pne na magazynie - wysyÅ‚ka w ciÄ…gu 24h od potwierdzenia zamÃ³wienia. Gwarantujemy dostawÄ™ w 48h na terenie caÅ‚ej Polski.",grabie-120cm-15mm,grabie-120cm-15mm,1940,2386.2,2096,1720,1750,,0,0,22,false,Grabie/Grabie 120cm â€¢ 15mm zÄ™by,,,grabie-120-15,1.5-2.3t,,MiniTeamProject,,hot,true,5,3,false,CieszkÃ³w,https://cdn.sanity.io/images/3a7q0xhj/production/9ffb026d3afed7ca420f6fe11abe76153561c279-654x381.png,,,,,,,,,,0,0,0,0,,,,,,/images/techniczne/grabie_120cm_15mm.pdf,Rysunek techniczny - Grabie 120cm gruboÅ›Ä‡ zÄ™ba 15mm,,,https://cdn.sanity.io/images/3a7q0xhj/production/79fb1d497e91885cf286281b86de6ee3313ca3fb-3309x2339.png,120,0,0,,15,22,22 zÄ™by gruboÅ›Ä‡ 15mm;Lemiesz Hardox HB500;Kompatybilne mocowania,JCB;CAT;Yanmar;Volvo;Bobcat;Hitachi;Atlas;Hyundai;Case;John Deere;Mecalac;Kubota;Liebherr;Taeuchi,"Lehnhoff MS01, MS03, Verachtert CW05",0,0,,,,,,false,,,0,2025-08-09T16:00:00Z,2025-08-15T07:00:21Z,23
szczotka-zamiatarka-do-koparki,Szczotka zamiatarka do koparki,"W ofercie nowa szczotka do zamiatania do minikoparki/koparki.
Solidna i wytrzymaÅ‚a, idealna do prac porzÄ…dkowych w terenie.

Specyfikacja:

Wymiary: 120 Ã— 40 cm

DÅ‚ugoÅ›Ä‡ wÅ‚osia: 250 mm

GruboÅ›Ä‡ wÅ‚osia: 3 mm

Mocna i trwaÅ‚a konstrukcja

Åatwa w montaÅ¼u i obsÅ‚udze

Zastosowanie:

zamiatanie chodnikÃ³w i ulic

usuwanie bÅ‚ota, piasku, Å¼wiru

zamiatanie placÃ³w, kostki brukowej, parkingÃ³w

idealna do utrzymania czystoÅ›ci na budowie

Pasuje do minikoparek oraz koparek rÃ³Å¼nych marek.

ğŸšš **Szybka dostawa:** Produkty dostÄ™pne na magazynie - wysyÅ‚ka w ciÄ…gu 24h od potwierdzenia zamÃ³wienia. Gwarantujemy dostawÄ™ w 48h na terenie caÅ‚ej Polski.",szczotka-zamiatarka-do-koparki,,2706,3486,0,0,0,,0,0,0,false,Uncategorized,,,,,,,,,false,0,0,false,,https://cdn.sanity.io/images/3a7q0xhj/production/30bda91a2d628c590875850dc85278bfb97f3afd-1600x1200.jpg,https://cdn.sanity.io/images/3a7q0xhj/production/14eee808bacaeb7dd4ff34870379c97a7e51e548-1600x1200.jpg,https://cdn.sanity.io/images/3a7q0xhj/production/ef0df500c405bb507c998c02d594a71fb0d9deeb-1200x1600.jpg,https://cdn.sanity.io/images/3a7q0xhj/production/bda589c63221c3e4e92c4e7f772f84e4a1ef291d-1200x1600.jpg,,,,,,,0,0,0,0,,,,,,,,,,,120,0,0,,0,0,,,,0,0,,,,,,false,,,0,,2025-09-25T17:14:24Z,23
wiertnica-glebowa,Wiertnica glebowa â€“ napÄ™d,"NapÄ™d wiertnicy + moÅ¼liwoÅ›Ä‡ doboru systemu mocowania (Wahacz giÄ™ty, Wahacz kostka, Premium) oraz wiertÅ‚a (Fi 250 / 300 / 400).

ğŸšš **Szybka dostawa:** Produkty dostÄ™pne na magazynie - wysyÅ‚ka w ciÄ…gu 24h od potwierdzenia zamÃ³wienia. Gwarantujemy dostawÄ™ w 48h na terenie caÅ‚ej Polski.",wiertnica-glebowa,,2460,3025.8,2657,2460,2460,,0,0,0,false,Wiertnice,,,,,,,,,true,0,5,false,,https://cdn.sanity.io/images/3a7q0xhj/production/d85366cae662ae2deef4781fc95023baf1e08317-331x741.png,,,,,,,,,,0,0,0,0,,Wahacz giÄ™ty;Wahacz kostka;Premium,290;490;1090,Fi 250;Fi 300;Fi 400,950;1050;1400,,,MS01;MS03;CW05,Wahacz giÄ™ty;Wahacz kostka;Premium,https://cdn.sanity.io/images/3a7q0xhj/production/48c9a4ae5c5a92373565185b644f7c6b8cf8a1f1-3309x2339.png;https://cdn.sanity.io/images/3a7q0xhj/production/6cb74c2ee692d39e9ce5969847b0c239db738a8a-3309x2339.png;https://cdn.sanity.io/images/3a7q0xhj/production/23f06ee7d37cc6ba912829084f5909e24e3061fe-3309x2339.png,0,0,0,,0,0,,,,0,0,,,,,,false,,,0,,2025-08-23T13:35:42Z,23
zrywak-korzeni-1-2t,Zrywak korzeni 1-2t,"Zrywak korzeni do maszyn 1-2 t. GruboÅ›Ä‡ zÄ™ba 20mm. KoÅ„cÃ³wka zÄ™ba Hardox HB500. SzybkozÅ‚Ä…cza MS01/CW05.

ğŸšš **Szybka dostawa:** Produkty dostÄ™pne na magazynie - wysyÅ‚ka w ciÄ…gu 24h od potwierdzenia zamÃ³wienia. Gwarantujemy dostawÄ™ w 48h na terenie caÅ‚ej Polski.",zrywak-korzeni-1-2t,zrywak-1-2t,900,1107,973,940,940,,0,0,1,false,Rippery/Zrywaki korzeni,,1-2t,,1-1.5t,1-1.5t,MiniTeamProject,,new,false,0,4,false,CieszkÃ³w,https://cdn.sanity.io/images/3a7q0xhj/production/42f46de039127aa4ef0b86744610f40d699c4bfd-415x601.png,,,,,,,,,,0,0,0,0,,,,,,,,,,https://cdn.sanity.io/images/3a7q0xhj/production/cd432c09e4af628b4d45e99c8b18328a65d7118d-3309x2339.png,0,0,0,,20,0,ZÄ™ba pojedyncza;KoÅ„cÃ³wka Hardox HB500,JCB;CAT;Yanmar;Volvo;Bobcat;Hitachi;Atlas;Hyundai;Case;John Deere;Mecalac;Kubota;Liebherr;Taeuchi,"Lehnhoff MS01, Verachtert CW05",0,0,,,,,,false,,,0,2025-08-09T16:00:00Z,2025-08-09T19:32:13Z,23
zrywak-podwojny-2-4t,Zrywak podwÃ³jny 2â€“4T,"Zrywak do koparki â€“ stal HARDOX HB500.

ğŸšš **Szybka dostawa:** Produkty dostÄ™pne na magazynie - wysyÅ‚ka w ciÄ…gu 24h od potwierdzenia zamÃ³wienia. Gwarantujemy dostawÄ™ w 48h na terenie caÅ‚ej Polski.",zrywak-podwojny-2-4t,,1760,2164.8,1901,0,0,Na zapytanie,0,0,0,false,Rippery/Zrywaki korzeni,,2-4t,,,2-4t,MiniTeamProject,,,false,0,10,true,,https://cdn.sanity.io/images/3a7q0xhj/production/ef5b33ba65f65a3ccccbdc6f94d42711cca7fdab-415x602.png,,,,,,,,,,0,0,0,0,,,,,,/images/techniczne/rysunek_techniczniczny_zrywak_podwojny_2-4_tony.pdf,Rysunek techniczny,,,https://cdn.sanity.io/images/3a7q0xhj/production/f7f9fcae1e625581b3471fa980567775042f0e05-3309x2339.png,0,0,0,,0,0,,,,0,0,,,,,,false,,,0,,2025-08-26T15:56:16Z,23
zrywak-podwojny-4-8t,Zrywak podwÃ³jny 4â€“8T,"Zrywak do koparki â€“ stal HARDOX HB500.

ğŸšš **Szybka dostawa:** Produkty dostÄ™pne na magazynie - wysyÅ‚ka w ciÄ…gu 24h od potwierdzenia zamÃ³wienia. Gwarantujemy dostawÄ™ w 48h na terenie caÅ‚ej Polski.",zrywak-podwojny-4-8t,,2200,2706,2376,0,0,,0,0,0,false,Rippery/Zrywaki korzeni,,4-8t,,,4-8t,MiniTeamProject,,,false,0,10,false,,https://cdn.sanity.io/images/3a7q0xhj/production/46f0b61c8f9a6d296a1387f710be815106624e86-421x593.png,,,,,,,,,,0,0,0,0,,,,,,,,,,https://cdn.sanity.io/images/3a7q0xhj/production/c8a8f2392f623756c96249d44355229b41ffa20e-3309x2339.png,0,0,0,,0,0,,,,0,0,,,,,,false,,,0,,2025-08-26T15:56:23Z,23
zrywak-pojedynczy-2-4t,Zrywak pojedynczy 2â€“4T,"Zrywak do koparki â€“ stal HARDOX HB500.

ğŸšš **Szybka dostawa:** Produkty dostÄ™pne na magazynie - wysyÅ‚ka w ciÄ…gu 24h od potwierdzenia zamÃ³wienia. Gwarantujemy dostawÄ™ w 48h na terenie caÅ‚ej Polski.",zrywak-pojedynczy-2-4t,,1400,1722,1512,0,0,,0,0,0,false,Rippery/Zrywaki korzeni,,2-4t,,,2-4t,MiniTeamProject,,,false,0,10,false,,https://cdn.sanity.io/images/3a7q0xhj/production/dc5e9b63df7bbf693e44e9e7a751305327162877-426x586.png,,,,,,,,,,0,0,0,0,,,,,,,,,,https://cdn.sanity.io/images/3a7q0xhj/production/4f394b298193b3f95279889f6b60ba974a54b054-3309x2339.png,0,0,0,,0,0,,,,0,0,,,,,,false,,,0,,2025-08-26T15:56:12Z,23
zrywak-pojedynczy-4-8t,Zrywak pojedynczy 4â€“8T,"Zrywak do koparki â€“ stal HARDOX HB500.

ğŸšš **Szybka dostawa:** Produkty dostÄ™pne na magazynie - wysyÅ‚ka w ciÄ…gu 24h od potwierdzenia zamÃ³wienia. Gwarantujemy dostawÄ™ w 48h na terenie caÅ‚ej Polski.",zrywak-pojedynczy-4-8t,,1800,2214,1945,0,0,,0,0,0,false,Rippery/Zrywaki korzeni,,4-8t,,,4-8t,MiniTeamProject,,,false,0,10,false,,https://cdn.sanity.io/images/3a7q0xhj/production/7fe001415fc96a576adca031afdce7c60050a90a-413x604.png,,,,,,,,,,0,0,0,0,,,,,,,,,,https://cdn.sanity.io/images/3a7q0xhj/production/d916f7628236c3bf7bc61b1d5dbaeb4388f153b7-3309x2339.png,0,0,0,,0,0,,,,0,0,,,,,,false,,,0,,2025-08-26T15:56:19Z,23
lyzka-kopiaca-100cm-3-5t,ÅyÅ¼ka kopiÄ…ca 100cm (3-5t),"ÅyÅ¼ka kopiÄ…ca 100cm do maszyn 3-5t. Lemiesz tnÄ…cy 150Ã—16mm Hardox HB500. Opcjonalnie: zÄ™by, spÃ³d Hardox HB500.

ğŸšš **Szybka dostawa:** Produkty dostÄ™pne na magazynie - wysyÅ‚ka w ciÄ…gu 24h od potwierdzenia zamÃ³wienia. Gwarantujemy dostawÄ™ w 48h na terenie caÅ‚ej Polski.",lyzka-kopiaca-100cm-3-5t,,2400,2952,2592,2400,2400,,0,270,5,true,ÅyÅ¼ki kat. 3-5 Tony,,,lyzki-kopiace,3-5t,,MiniTeamProject,,new,false,0,2,false,,https://cdn.sanity.io/images/3a7q0xhj/production/c3a3028b4ca999c80d2aad4bd495166147995355-1503x1221.png,,,,,,,,,,0,0,0,0,,,,,,/images/rys_techniczne/lyzka_hydr_2.3_3.png,Rysunek techniczny â€“ ÅyÅ¼ka kopiÄ…ca 100cm (3-5t),LYZKA_3_5T_KOPIACA,Rysunek techniczny 3-5t kopiÄ…ca,https://cdn.sanity.io/images/3a7q0xhj/production/87f92af28604fddc842b5b93d1c9ace5a0539fd3-636x365.png,100,0,0,150Ã—16mm Hardox HB500,0,0,Lemiesz Hardox HB500;Opcjonalne zÄ™by,JCB;CAT;Yanmar;Volvo;Bobcat;Hitachi;Atlas;Hyundai;Case;John Deere;Mecalac;Kubota;Liebherr;Taeuchi;Wacker Neuson,"Lehnhoff MS03, Verachtert CW05",0,0,,,,,,false,,,0,2025-09-08T10:48:23.706Z,2025-09-07T15:07:58Z,23
lyzka-kopiaca-18cm-1-1.5t,ÅyÅ¼ka kopiÄ…ca 18cm (1-1.5t),"ÅyÅ¼ka kopiÄ…ca 18cm do maszyn 1-1.5t. Lemiesz tnÄ…cy 110Ã—16mm Hardox HB500. Opcjonalnie: zÄ™by, spÃ³d Hardox HB500.

ğŸšš **Szybka dostawa:** Produkty dostÄ™pne na magazynie - wysyÅ‚ka w ciÄ…gu 24h od potwierdzenia zamÃ³wienia. Gwarantujemy dostawÄ™ w 48h na terenie caÅ‚ej Polski.",lyzka-kopiaca-18cm-1-1.5t,,680,836.4,734,0,680,,0,120,2,false,ÅyÅ¼ki kat. 1-1.5 Tony,,,lyzki-kopiace,1-1.5t,,MiniTeamProject,,new,false,0,5,false,,https://cdn.sanity.io/images/3a7q0xhj/production/5d137cce7e16cb9170373bd038cdd0bc03a62f4c-1484x1001.webp,,,,,,,,,,0,0,0,0,,,,,,/images/rys_techniczne/lyzka_1_5-2_3.png,Rysunek techniczny â€“ ÅyÅ¼ka kopiÄ…ca 18cm (1-1.5t),LYZKA_1_1_5T_KOPIACA,Rysunek techniczny 1-1.5t kopiÄ…ca,https://cdn.sanity.io/images/3a7q0xhj/production/65aec93ac07ba9e057bf542a40a8e4a61777523d-660x407.png,18,0,0,110Ã—16mm Hardox HB500,0,0,Lemiesz Hardox HB500;Opcjonalne zÄ™by,JCB;CAT;Yanmar;Volvo;Bobcat;Hitachi;Atlas;Hyundai;Case;John Deere;Mecalac;Kubota;Liebherr;Taeuchi;Wacker Neuson,"Lehnhoff MS01, Verachtert CW05",0,0,,,,,,false,,,0,2025-09-08T10:47:39.875Z,2025-09-08T10:47:39Z,23
lyzka-kopiaca-20cm-1-1.5t,ÅyÅ¼ka kopiÄ…ca 20cm (1-1.5t),"ÅyÅ¼ka kopiÄ…ca 20cm do maszyn 1-1.5t. Lemiesz tnÄ…cy 110Ã—16mm Hardox HB500. Opcjonalnie: zÄ™by, spÃ³d Hardox HB500.

ğŸšš **Szybka dostawa:** Produkty dostÄ™pne na magazynie - wysyÅ‚ka w ciÄ…gu 24h od potwierdzenia zamÃ³wienia. Gwarantujemy dostawÄ™ w 48h na terenie caÅ‚ej Polski.",lyzka-kopiaca-20cm-1-1.5t,,700,861,756,0,700,,0,120,2,false,ÅyÅ¼ki kat. 1-1.5 Tony,,,lyzki-kopiace,1-1.5t,,MiniTeamProject,,new,false,0,5,false,,https://cdn.sanity.io/images/3a7q0xhj/production/5d137cce7e16cb9170373bd038cdd0bc03a62f4c-1484x1001.webp,,,,,,,,,,0,0,0,0,,,,,,/images/rys_techniczne/lyzka_1_5-2_3.png,Rysunek techniczny â€“ ÅyÅ¼ka kopiÄ…ca 20cm (1-1.5t),LYZKA_1_1_5T_KOPIACA,Rysunek techniczny 1-1.5t kopiÄ…ca,https://cdn.sanity.io/images/3a7q0xhj/production/65aec93ac07ba9e057bf542a40a8e4a61777523d-660x407.png,20,0,0,110Ã—16mm Hardox HB500,0,0,Lemiesz Hardox HB500;Opcjonalne zÄ™by,JCB;CAT;Yanmar;Volvo;Bobcat;Hitachi;Atlas;Hyundai;Case;John Deere;Mecalac;Kubota;Liebherr;Taeuchi;Wacker Neuson,"Lehnhoff MS01, Verachtert CW05",0,0,,,,,,false,,,0,2025-09-08T10:47:40.932Z,2025-09-08T10:47:40Z,23
lyzka-kopiaca-23cm-1-1.5t,ÅyÅ¼ka kopiÄ…ca 23cm (1-1.5t),"ÅyÅ¼ka kopiÄ…ca 23cm do maszyn 1-1.5t. Lemiesz tnÄ…cy 110Ã—16mm Hardox HB500. Opcjonalnie: zÄ™by, spÃ³d Hardox HB500.

ğŸšš **Szybka dostawa:** Produkty dostÄ™pne na magazynie - wysyÅ‚ka w ciÄ…gu 24h od potwierdzenia zamÃ³wienia. Gwarantujemy dostawÄ™ w 48h na terenie caÅ‚ej Polski.",lyzka-kopiaca-23cm-1-1.5t,,710,873.3,767,0,710,,0,120,2,false,ÅyÅ¼ki kat. 1-1.5 Tony,,,lyzki-kopiace,1-1.5t,,MiniTeamProject,,new,false,0,5,false,,https://cdn.sanity.io/images/3a7q0xhj/production/5d137cce7e16cb9170373bd038cdd0bc03a62f4c-1484x1001.webp,,,,,,,,,,0,0,0,0,,,,,,/images/rys_techniczne/lyzka_1_5-2_3.png,Rysunek techniczny â€“ ÅyÅ¼ka kopiÄ…ca 23cm (1-1.5t),LYZKA_1_1_5T_KOPIACA,Rysunek techniczny 1-1.5t kopiÄ…ca,https://cdn.sanity.io/images/3a7q0xhj/production/65aec93ac07ba9e057bf542a40a8e4a61777523d-660x407.png,23,0,0,110Ã—16mm Hardox HB500,0,0,Lemiesz Hardox HB500;Opcjonalne zÄ™by,JCB;CAT;Yanmar;Volvo;Bobcat;Hitachi;Atlas;Hyundai;Case;John Deere;Mecalac;Kubota;Liebherr;Taeuchi;Wacker Neuson,"Lehnhoff MS01, Verachtert CW05",0,0,,,,,,false,,,0,2025-09-08T10:47:41.930Z,2025-09-08T10:47:41Z,23
lyzka-kopiaca-25cm-1-1.5t,ÅyÅ¼ka kopiÄ…ca 25cm (1-1.5t),"ÅyÅ¼ka kopiÄ…ca 25cm do maszyn 1-1.5t. Lemiesz tnÄ…cy 110Ã—16mm Hardox HB500. Opcjonalnie: zÄ™by, spÃ³d Hardox HB500.

ğŸšš **Szybka dostawa:** Produkty dostÄ™pne na magazynie - wysyÅ‚ka w ciÄ…gu 24h od potwierdzenia zamÃ³wienia. Gwarantujemy dostawÄ™ w 48h na terenie caÅ‚ej Polski.",lyzka-kopiaca-25cm-1-1.5t,,730,897.9,788,0,730,,0,120,2,false,ÅyÅ¼ki kat. 1-1.5 Tony,,,lyzki-kopiace,1-1.5t,,MiniTeamProject,,new,false,0,5,false,,https://cdn.sanity.io/images/3a7q0xhj/production/5d137cce7e16cb9170373bd038cdd0bc03a62f4c-1484x1001.webp,,,,,,,,,,0,0,0,0,,,,,,/images/rys_techniczne/lyzka_1_5-2_3.png,Rysunek techniczny â€“ ÅyÅ¼ka kopiÄ…ca 25cm (1-1.5t),LYZKA_1_1_5T_KOPIACA,Rysunek techniczny 1-1.5t kopiÄ…ca,https://cdn.sanity.io/images/3a7q0xhj/production/65aec93ac07ba9e057bf542a40a8e4a61777523d-660x407.png,25,0,0,110Ã—16mm Hardox HB500,0,0,Lemiesz Hardox HB500;Opcjonalne zÄ™by,JCB;CAT;Yanmar;Volvo;Bobcat;Hitachi;Atlas;Hyundai;Case;John Deere;Mecalac;Kubota;Liebherr;Taeuchi;Wacker Neuson,"Lehnhoff MS01, Verachtert CW05",0,0,,,,,,false,,,0,2025-09-08T10:47:42.942Z,2025-09-08T10:47:42Z,23
lyzka-kopiaca-25cm-1.5-2.3t,ÅyÅ¼ka kopiÄ…ca 25cm (1.5-2.3t),"ÅyÅ¼ka kopiÄ…ca 25cm do maszyn 1.5-2.3t. Lemiesz tnÄ…cy 110Ã—16mm Hardox HB500. Opcjonalnie: zÄ™by, spÃ³d Hardox HB500.

ğŸšš **Szybka dostawa:** Produkty dostÄ™pne na magazynie - wysyÅ‚ka w ciÄ…gu 24h od potwierdzenia zamÃ³wienia. Gwarantujemy dostawÄ™ w 48h na terenie caÅ‚ej Polski.",lyzka-kopiaca-25cm-1.5-2.3t,,960,1180.8,1037,0,960,,0,120,2,false,ÅyÅ¼ki kat. 1.5-2.3 Tony,,,lyzki-kopiace,1.5-2.3t,,MiniTeamProject,,new,false,0,5,false,,https://cdn.sanity.io/images/3a7q0xhj/production/eb16beb212005f9f643314c6d9b2d32a91323f7c-3515x1628.webp,,,,,,,,,,0,0,0,0,,,,,,/images/rys_techniczne/lyzka_1_5-2_3.png,Rysunek techniczny â€“ ÅyÅ¼ka kopiÄ…ca 25cm (1.5-2.3t),LYZKA_1_5_2_3T_KOPIACA,Rysunek techniczny 1.5-2.3t kopiÄ…ca,https://cdn.sanity.io/images/3a7q0xhj/production/d4d23411701f35f3593357a259a7934ea76b1043-699x388.png,25,0,0,110Ã—16mm Hardox HB500,0,0,Lemiesz Hardox HB500;Opcjonalne zÄ™by,JCB;CAT;Yanmar;Volvo;Bobcat;Hitachi;Atlas;Hyundai;Case;John Deere;Mecalac;Kubota;Liebherr;Taeuchi;Wacker Neuson,"Lehnhoff MS01, Verachtert CW05",0,0,,,,,,false,,,0,2025-09-08T10:47:54.127Z,2025-09-08T10:47:54Z,23
lyzka-kopiaca-25cm-2-3-3t,ÅyÅ¼ka kopiÄ…ca 25cm (2.3-3t),"ÅyÅ¼ka kopiÄ…ca 25cm do maszyn 2.3-3 t. Lemiesz tnÄ…cy 150Ã—16mm Hardox HB500. SzybkozÅ‚Ä…cza MS03/CW05. Opcjonalnie: zÄ™by, spÃ³d Hardox HB500.

ğŸšš **Szybka dostawa:** Produkty dostÄ™pne na magazynie - wysyÅ‚ka w ciÄ…gu 24h od potwierdzenia zamÃ³wienia. Gwarantujemy dostawÄ™ w 48h na terenie caÅ‚ej Polski.",lyzka-kopiaca-25cm-2-3-3t,25cm-2-3t,1060,1303.8,1174,1550,960,,0,120,2,true,ÅyÅ¼ki kat. 2.3-3 Tony,,2-3t,lyzki-kopiace,3-5t,,MiniTeamProject,,new,false,0,5,false,CieszkÃ³w,https://cdn.sanity.io/images/3a7q0xhj/production/eb16beb212005f9f643314c6d9b2d32a91323f7c-3515x1628.webp,,,,,,,,,,0,0,0,0,,,,,,,,LYZKA_2_3_3T_KOPIACA,Rysunek techniczny 2.3-3t kopiÄ…ca,https://cdn.sanity.io/images/3a7q0xhj/production/4059ad0478541dbab766683bed694765f59c0655-644x418.png,25,0,0.03,150Ã—16mm Hardox HB500,0,0,Lemiesz Hardox HB500;Opcjonalne zÄ™by,JCB;CAT;Yanmar;Volvo;Bobcat;Hitachi;Atlas;Hyundai;Case;John Deere;Mecalac;Kubota;Liebherr;Taeuchi,"Lehnhoff MS03, Verachtert CW05",0,0,,,,,,false,,,0,2025-08-09T16:00:00Z,2025-08-09T19:32:13Z,23
lyzka-kopiaca-25cm-3-5t,ÅyÅ¼ka kopiÄ…ca 25cm (3-5t),"ÅyÅ¼ka kopiÄ…ca 25cm do maszyn 3-5t. Lemiesz tnÄ…cy 110Ã—16mm Hardox HB500. Opcjonalnie: zÄ™by, spÃ³d Hardox HB500.

ğŸšš **Szybka dostawa:** Produkty dostÄ™pne na magazynie - wysyÅ‚ka w ciÄ…gu 24h od potwierdzenia zamÃ³wienia. Gwarantujemy dostawÄ™ w 48h na terenie caÅ‚ej Polski.",lyzka-kopiaca-25cm-3-5t,,1550,1906.5,1674,0,1550,,0,130,2,false,ÅyÅ¼ki kat. 3-5 Tony,,,lyzki-kopiace,3-5t,,MiniTeamProject,,new,false,0,5,false,,https://cdn.sanity.io/images/3a7q0xhj/production/207696739caa408b6d9252e16b3424fbc83d69d8-1230x1320.png,,,,,,,,,,0,0,0,0,,,,,,/images/rys_techniczne/lyzka_hydr_2.3_3.png,Rysunek techniczny â€“ ÅyÅ¼ka kopiÄ…ca 25cm (3-5t),LYZKA_3_5T_KOPIACA,Rysunek techniczny 3-5t kopiÄ…ca,https://cdn.sanity.io/images/3a7q0xhj/production/87f92af28604fddc842b5b93d1c9ace5a0539fd3-636x365.png,25,0,0,110Ã—16mm Hardox HB500,0,0,Lemiesz Hardox HB500;Opcjonalne zÄ™by,JCB;CAT;Yanmar;Volvo;Bobcat;Hitachi;Atlas;Hyundai;Case;John Deere;Mecalac;Kubota;Liebherr;Taeuchi;Wacker Neuson,"Lehnhoff MS03, Verachtert CW05",0,0,,,,,,false,,,0,2025-09-08T10:48:13.486Z,2025-09-08T10:48:13Z,23
lyzka-kopiaca-27cm-1-1.5t,ÅyÅ¼ka kopiÄ…ca 27cm (1-1.5t),"ÅyÅ¼ka kopiÄ…ca 27cm do maszyn 1-1.5t. Lemiesz tnÄ…cy 110Ã—16mm Hardox HB500. Opcjonalnie: zÄ™by, spÃ³d Hardox HB500.

ğŸšš **Szybka dostawa:** Produkty dostÄ™pne na magazynie - wysyÅ‚ka w ciÄ…gu 24h od potwierdzenia zamÃ³wienia. Gwarantujemy dostawÄ™ w 48h na terenie caÅ‚ej Polski.",lyzka-kopiaca-27cm-1-1.5t,,740,910.2,799,0,740,,0,120,3,false,ÅyÅ¼ki kat. 1-1.5 Tony,,,lyzki-kopiace,1-1.5t,,MiniTeamProject,,new,false,0,5,false,,https://cdn.sanity.io/images/3a7q0xhj/production/8bb49c7fcf1506dabef3a08e6e28a3b4e6255dfe-1484x980.webp,,,,,,,,,,0,0,0,0,,,,,,/images/rys_techniczne/lyzka_1_5-2_3.png,Rysunek techniczny â€“ ÅyÅ¼ka kopiÄ…ca 27cm (1-1.5t),LYZKA_1_1_5T_KOPIACA,Rysunek techniczny 1-1.5t kopiÄ…ca,https://cdn.sanity.io/images/3a7q0xhj/production/65aec93ac07ba9e057bf542a40a8e4a61777523d-660x407.png,27,0,0,110Ã—16mm Hardox HB500,0,0,Lemiesz Hardox HB500;Opcjonalne zÄ™by,JCB;CAT;Yanmar;Volvo;Bobcat;Hitachi;Atlas;Hyundai;Case;John Deere;Mecalac;Kubota;Liebherr;Taeuchi;Wacker Neuson,"Lehnhoff MS01, Verachtert CW05",0,0,,,,,,false,,,0,2025-09-08T10:47:43.964Z,2025-09-08T10:47:43Z,23
lyzka-kopiaca-30cm-1-1.5t,ÅyÅ¼ka kopiÄ…ca 30cm (1-1.5t),"ÅyÅ¼ka kopiÄ…ca 30cm do maszyn 1-1.5t. Lemiesz tnÄ…cy 110Ã—16mm Hardox HB500. Opcjonalnie: zÄ™by, spÃ³d Hardox HB500.

ğŸšš **Szybka dostawa:** Produkty dostÄ™pne na magazynie - wysyÅ‚ka w ciÄ…gu 24h od potwierdzenia zamÃ³wienia. Gwarantujemy dostawÄ™ w 48h na terenie caÅ‚ej Polski.",lyzka-kopiaca-30cm-1-1.5t,,760,934.8,821,0,760,,0,160,3,false,ÅyÅ¼ki kat. 1-1.5 Tony,,,lyzki-kopiace,1-1.5t,,MiniTeamProject,,new,false,0,5,false,,https://cdn.sanity.io/images/3a7q0xhj/production/8bb49c7fcf1506dabef3a08e6e28a3b4e6255dfe-1484x980.webp,,,,,,,,,,0,0,0,0,,,,,,/images/rys_techniczne/lyzka_1_5-2_3.png,Rysunek techniczny â€“ ÅyÅ¼ka kopiÄ…ca 30cm (1-1.5t),LYZKA_1_1_5T_KOPIACA,Rysunek techniczny 1-1.5t kopiÄ…ca,https://cdn.sanity.io/images/3a7q0xhj/production/65aec93ac07ba9e057bf542a40a8e4a61777523d-660x407.png,30,0,0,110Ã—16mm Hardox HB500,0,0,Lemiesz Hardox HB500;Opcjonalne zÄ™by,JCB;CAT;Yanmar;Volvo;Bobcat;Hitachi;Atlas;Hyundai;Case;John Deere;Mecalac;Kubota;Liebherr;Taeuchi;Wacker Neuson,"Lehnhoff MS01, Verachtert CW05",0,0,,,,,,false,,,0,2025-09-08T10:47:44.979Z,2025-09-08T10:47:44Z,23
lyzka-kopiaca-30cm-1.5-2.3t,ÅyÅ¼ka kopiÄ…ca 30cm (1.5-2.3t),"ÅyÅ¼ka kopiÄ…ca 30cm do maszyn 1.5-2.3t. Lemiesz tnÄ…cy 110Ã—16mm Hardox HB500. Opcjonalnie: zÄ™by, spÃ³d Hardox HB500.

ğŸšš **Szybka dostawa:** Produkty dostÄ™pne na magazynie - wysyÅ‚ka w ciÄ…gu 24h od potwierdzenia zamÃ³wienia. Gwarantujemy dostawÄ™ w 48h na terenie caÅ‚ej Polski.",lyzka-kopiaca-30cm-1.5-2.3t,,980,1205.4,1058,0,980,,0,160,3,false,ÅyÅ¼ki kat. 1.5-2.3 Tony,,,lyzki-kopiace,1.5-2.3t,,MiniTeamProject,,new,false,0,5,false,,https://cdn.sanity.io/images/3a7q0xhj/production/abfd0c0df49aa23d96ccfb824994f6aa21e29e18-3515x1628.webp,,,,,,,,,,0,0,0,0,,,,,,/images/rys_techniczne/lyzka_1_5-2_3.png,Rysunek techniczny â€“ ÅyÅ¼ka kopiÄ…ca 30cm (1.5-2.3t),LYZKA_1_5_2_3T_KOPIACA,Rysunek techniczny 1.5-2.3t kopiÄ…ca,https://cdn.sanity.io/images/3a7q0xhj/production/d4d23411701f35f3593357a259a7934ea76b1043-699x388.png,30,0,0,110Ã—16mm Hardox HB500,0,0,Lemiesz Hardox HB500;Opcjonalne zÄ™by,JCB;CAT;Yanmar;Volvo;Bobcat;Hitachi;Atlas;Hyundai;Case;John Deere;Mecalac;Kubota;Liebherr;Taeuchi;Wacker Neuson,"Lehnhoff MS01, Verachtert CW05",0,0,,,,,,false,,,0,2025-09-08T10:47:55.146Z,2025-09-08T10:47:55Z,23
lyzka-kopiaca-30cm-2.3-3t,ÅyÅ¼ka kopiÄ…ca 30cm (2.3-3t),"ÅyÅ¼ka kopiÄ…ca 30cm do maszyn 2.3-3t. Lemiesz tnÄ…cy 110Ã—16mm Hardox HB500. Opcjonalnie: zÄ™by, spÃ³d Hardox HB500.

ğŸšš **Szybka dostawa:** Produkty dostÄ™pne na magazynie - wysyÅ‚ka w ciÄ…gu 24h od potwierdzenia zamÃ³wienia. Gwarantujemy dostawÄ™ w 48h na terenie caÅ‚ej Polski.",lyzka-kopiaca-30cm-2.3-3t,,1080,1328.4,1166,0,1080,,0,160,3,false,ÅyÅ¼ki kat. 2.3-3 Tony,,,lyzki-kopiace,2.3-3t,,MiniTeamProject,,new,false,0,5,false,,https://cdn.sanity.io/images/3a7q0xhj/production/abfd0c0df49aa23d96ccfb824994f6aa21e29e18-3515x1628.webp,,,,,,,,,,0,0,0,0,,,,,,/images/rys_techniczne/lyzka_1_5-2_3_2.png,Rysunek techniczny â€“ ÅyÅ¼ka kopiÄ…ca 30cm (2.3-3t),LYZKA_2_3_3T_KOPIACA,Rysunek techniczny 2.3-3t kopiÄ…ca,https://cdn.sanity.io/images/3a7q0xhj/production/4059ad0478541dbab766683bed694765f59c0655-644x418.png,30,0,0,110Ã—16mm Hardox HB500,0,0,Lemiesz Hardox HB500;Opcjonalne zÄ™by,JCB;CAT;Yanmar;Volvo;Bobcat;Hitachi;Atlas;Hyundai;Case;John Deere;Mecalac;Kubota;Liebherr;Taeuchi;Wacker Neuson,"Lehnhoff MS03, Verachtert CW05",0,0,,,,,,false,,,0,2025-09-08T10:48:04.305Z,2025-09-08T10:48:04Z,23
lyzka-kopiaca-30cm-3-4-5t,ÅyÅ¼ka kopiÄ…ca 30cm (3-4.5t),"ÅyÅ¼ka kopiÄ…ca 30cm do maszyn 3-4.5 t. Kod: S3-30.

ğŸšš **Szybka dostawa:** Produkty dostÄ™pne na magazynie - wysyÅ‚ka w ciÄ…gu 24h od potwierdzenia zamÃ³wienia. Gwarantujemy dostawÄ™ w 48h na terenie caÅ‚ej Polski.",lyzka-kopiaca-30cm-3-4-5t,30cm-3-4-5t,1590,1955.7,1718,1590,1080,,0,495,3,false,ÅyÅ¼ki kat. 3-5 Tony,,3-4.5t,lyzki-kopiace,3-5t,,MiniTeamProject,,new,false,0,2,false,CieszkÃ³w,https://cdn.sanity.io/images/3a7q0xhj/production/7b2ff088993646758ce4d3379bab5affb3e88b7a-1261x1343.png,,,,,,,,,,0,0,0,0,,,,,,,,LYZKA_3_5T_KOPIACA,Rysunek techniczny 3-5t kopiÄ…ca,https://cdn.sanity.io/images/3a7q0xhj/production/87f92af28604fddc842b5b93d1c9ace5a0539fd3-636x365.png,30,0,0.04,,0,0,Kod S3-30,Uniwersalne mocowania,Standardowe mocowania,0,0,,,,,,false,,,0,2025-08-09T16:00:00Z,2025-08-09T19:32:13Z,23
lyzka-kopiaca-30cm-3-5t,ÅyÅ¼ka kopiÄ…ca 30cm (3-5t),"ÅyÅ¼ka kopiÄ…ca 30cm do maszyn 3-5t. Lemiesz tnÄ…cy 110Ã—16mm Hardox HB500. Opcjonalnie: zÄ™by, spÃ³d Hardox HB500.

ğŸšš **Szybka dostawa:** Produkty dostÄ™pne na magazynie - wysyÅ‚ka w ciÄ…gu 24h od potwierdzenia zamÃ³wienia. Gwarantujemy dostawÄ™ w 48h na terenie caÅ‚ej Polski.",lyzka-kopiaca-30cm-3-5t,,1590,1955.7,1717,0,1590,,0,165,3,false,ÅyÅ¼ki kat. 3-5 Tony,,,lyzki-kopiace,3-5t,,MiniTeamProject,,new,false,0,5,false,,https://cdn.sanity.io/images/3a7q0xhj/production/7b2ff088993646758ce4d3379bab5affb3e88b7a-1261x1343.png,,,,,,,,,,0,0,0,0,,,,,,/images/rys_techniczne/lyzka_hydr_2.3_3.png,Rysunek techniczny â€“ ÅyÅ¼ka kopiÄ…ca 30cm (3-5t),LYZKA_3_5T_KOPIACA,Rysunek techniczny 3-5t kopiÄ…ca,https://cdn.sanity.io/images/3a7q0xhj/production/87f92af28604fddc842b5b93d1c9ace5a0539fd3-636x365.png,30,0,0,110Ã—16mm Hardox HB500,0,0,Lemiesz Hardox HB500;Opcjonalne zÄ™by,JCB;CAT;Yanmar;Volvo;Bobcat;Hitachi;Atlas;Hyundai;Case;John Deere;Mecalac;Kubota;Liebherr;Taeuchi;Wacker Neuson,"Lehnhoff MS03, Verachtert CW05",0,0,,,,,,false,,,0,2025-09-08T10:48:14.501Z,2025-09-08T10:48:14Z,23
lyzka-kopiaca-35cm-3-5t,ÅyÅ¼ka kopiÄ…ca 35cm (3-5t),"ÅyÅ¼ka kopiÄ…ca 35cm do maszyn 3-5t. Lemiesz tnÄ…cy 150Ã—16mm Hardox HB500. Opcjonalnie: zÄ™by, spÃ³d Hardox HB500.

ğŸšš **Szybka dostawa:** Produkty dostÄ™pne na magazynie - wysyÅ‚ka w ciÄ…gu 24h od potwierdzenia zamÃ³wienia. Gwarantujemy dostawÄ™ w 48h na terenie caÅ‚ej Polski.",lyzka-kopiaca-35cm-3-5t,,1620,1992.6,1750,0,1620,,0,165,3,false,ÅyÅ¼ki kat. 3-5 Tony,,,lyzki-kopiace,3-5t,,MiniTeamProject,,new,false,0,5,false,,https://cdn.sanity.io/images/3a7q0xhj/production/7b2ff088993646758ce4d3379bab5affb3e88b7a-1261x1343.png,,,,,,,,,,0,0,0,0,,,,,,/images/rys_techniczne/lyzka_hydr_2.3_3.png,Rysunek techniczny â€“ ÅyÅ¼ka kopiÄ…ca 35cm (3-5t),LYZKA_3_5T_KOPIACA,Rysunek techniczny 3-5t kopiÄ…ca,https://cdn.sanity.io/images/3a7q0xhj/production/87f92af28604fddc842b5b93d1c9ace5a0539fd3-636x365.png,35,0,0,150Ã—16mm Hardox HB500,0,0,Lemiesz Hardox HB500;Opcjonalne zÄ™by,JCB;CAT;Yanmar;Volvo;Bobcat;Hitachi;Atlas;Hyundai;Case;John Deere;Mecalac;Kubota;Liebherr;Taeuchi;Wacker Neuson,"Lehnhoff MS03, Verachtert CW05",0,0,,,,,,false,,,0,2025-09-08T10:48:15.544Z,2025-09-08T10:48:15Z,23
lyzka-kopiaca-40cm-1-1.5t,ÅyÅ¼ka kopiÄ…ca 40cm (1-1.5t),"ÅyÅ¼ka kopiÄ…ca 40cm do maszyn 1-1.5t. Lemiesz tnÄ…cy 150Ã—16mm Hardox HB500. Opcjonalnie: zÄ™by, spÃ³d Hardox HB500.

ğŸšš **Szybka dostawa:** Produkty dostÄ™pne na magazynie - wysyÅ‚ka w ciÄ…gu 24h od potwierdzenia zamÃ³wienia. Gwarantujemy dostawÄ™ w 48h na terenie caÅ‚ej Polski.",lyzka-kopiaca-40cm-1-1.5t,,910,1119.3,983,0,910,,0,160,3,false,ÅyÅ¼ki kat. 1-1.5 Tony,,,lyzki-kopiace,1-1.5t,,MiniTeamProject,,new,false,0,5,false,,https://cdn.sanity.io/images/3a7q0xhj/production/dc622282c0a2342a16387ac5172cfe021d8f1b86-1484x980.webp,,,,,,,,,,0,0,0,0,,,,,,/images/rys_techniczne/lyzka_1_5-2_3.png,Rysunek techniczny â€“ ÅyÅ¼ka kopiÄ…ca 40cm (1-1.5t),LYZKA_1_1_5T_KOPIACA,Rysunek techniczny 1-1.5t kopiÄ…ca,https://cdn.sanity.io/images/3a7q0xhj/production/65aec93ac07ba9e057bf542a40a8e4a61777523d-660x407.png,40,0,0,150Ã—16mm Hardox HB500,0,0,Lemiesz Hardox HB500;Opcjonalne zÄ™by,JCB;CAT;Yanmar;Volvo;Bobcat;Hitachi;Atlas;Hyundai;Case;John Deere;Mecalac;Kubota;Liebherr;Taeuchi;Wacker Neuson,"Lehnhoff MS01, Verachtert CW05",0,0,,,,,,false,,,0,2025-09-08T10:47:45.980Z,2025-09-08T10:47:45Z,23
lyzka-kopiaca-40cm-1.5-2.3t,ÅyÅ¼ka kopiÄ…ca 40cm (1.5-2.3t),"ÅyÅ¼ka kopiÄ…ca 40cm do maszyn 1.5-2.3t. Lemiesz tnÄ…cy 150Ã—16mm Hardox HB500. Opcjonalnie: zÄ™by, spÃ³d Hardox HB500.

ğŸšš **Szybka dostawa:** Produkty dostÄ™pne na magazynie - wysyÅ‚ka w ciÄ…gu 24h od potwierdzenia zamÃ³wienia. Gwarantujemy dostawÄ™ w 48h na terenie caÅ‚ej Polski.",lyzka-kopiaca-40cm-1.5-2.3t,,1080,1328.4,1166,0,1080,,0,160,3,false,ÅyÅ¼ki kat. 1.5-2.3 Tony,,,lyzki-kopiace,1.5-2.3t,,MiniTeamProject,,new,false,0,5,false,,https://cdn.sanity.io/images/3a7q0xhj/production/6034065444326fc7fb4008c4187263d81f522cec-3515x1628.webp,,,,,,,,,,0,0,0,0,,,,,,/images/rys_techniczne/lyzka_1_5-2_3.png,Rysunek techniczny â€“ ÅyÅ¼ka kopiÄ…ca 40cm (1.5-2.3t),LYZKA_1_5_2_3T_KOPIACA,Rysunek techniczny 1.5-2.3t kopiÄ…ca,https://cdn.sanity.io/images/3a7q0xhj/production/d4d23411701f35f3593357a259a7934ea76b1043-699x388.png,40,0,0,150Ã—16mm Hardox HB500,0,0,Lemiesz Hardox HB500;Opcjonalne zÄ™by,JCB;CAT;Yanmar;Volvo;Bobcat;Hitachi;Atlas;Hyundai;Case;John Deere;Mecalac;Kubota;Liebherr;Taeuchi;Wacker Neuson,"Lehnhoff MS01, Verachtert CW05",0,0,,,,,,false,,,0,2025-09-08T10:47:56.162Z,2025-09-08T10:47:56Z,23
lyzka-kopiaca-40cm-2.3-3t,ÅyÅ¼ka kopiÄ…ca 40cm (2.3-3t),"ÅyÅ¼ka kopiÄ…ca 40cm do maszyn 2.3-3t. Lemiesz tnÄ…cy 150Ã—16mm Hardox HB500. Opcjonalnie: zÄ™by, spÃ³d Hardox HB500.

ğŸšš **Szybka dostawa:** Produkty dostÄ™pne na magazynie - wysyÅ‚ka w ciÄ…gu 24h od potwierdzenia zamÃ³wienia. Gwarantujemy dostawÄ™ w 48h na terenie caÅ‚ej Polski.",lyzka-kopiaca-40cm-2.3-3t,,1090,1340.7,1177,0,1090,,0,160,3,false,ÅyÅ¼ki kat. 2.3-3 Tony,,,lyzki-kopiace,2.3-3t,,MiniTeamProject,,new,false,0,5,false,,https://cdn.sanity.io/images/3a7q0xhj/production/6034065444326fc7fb4008c4187263d81f522cec-3515x1628.webp,,,,,,,,,,0,0,0,0,,,,,,/images/rys_techniczne/lyzka_1_5-2_3_2.png,Rysunek techniczny â€“ ÅyÅ¼ka kopiÄ…ca 40cm (2.3-3t),LYZKA_2_3_3T_KOPIACA,Rysunek techniczny 2.3-3t kopiÄ…ca,https://cdn.sanity.io/images/3a7q0xhj/production/4059ad0478541dbab766683bed694765f59c0655-644x418.png,40,0,0,150Ã—16mm Hardox HB500,0,0,Lemiesz Hardox HB500;Opcjonalne zÄ™by,JCB;CAT;Yanmar;Volvo;Bobcat;Hitachi;Atlas;Hyundai;Case;John Deere;Mecalac;Kubota;Liebherr;Taeuchi;Wacker Neuson,"Lehnhoff MS03, Verachtert CW05",0,0,,,,,,false,,,0,2025-09-08T10:48:05.327Z,2025-09-08T10:48:05Z,23
lyzka-kopiaca-40cm-3-5t,ÅyÅ¼ka kopiÄ…ca 40cm (3-5t),"ÅyÅ¼ka kopiÄ…ca 40cm do maszyn 3-5t. Lemiesz tnÄ…cy 150Ã—16mm Hardox HB500. Opcjonalnie: zÄ™by, spÃ³d Hardox HB500.

ğŸšš **Szybka dostawa:** Produkty dostÄ™pne na magazynie - wysyÅ‚ka w ciÄ…gu 24h od potwierdzenia zamÃ³wienia. Gwarantujemy dostawÄ™ w 48h na terenie caÅ‚ej Polski.",lyzka-kopiaca-40cm-3-5t,,1670,2054.1,1804,0,1670,,0,165,3,false,ÅyÅ¼ki kat. 3-5 Tony,,,lyzki-kopiace,3-5t,,MiniTeamProject,,new,false,0,5,false,,https://cdn.sanity.io/images/3a7q0xhj/production/cf7740836cd148802108215c33c541b6b6b66419-1297x1302.png,,,,,,,,,,0,0,0,0,,,,,,/images/rys_techniczne/lyzka_hydr_2.3_3.png,Rysunek techniczny â€“ ÅyÅ¼ka kopiÄ…ca 40cm (3-5t),LYZKA_3_5T_KOPIACA,Rysunek techniczny 3-5t kopiÄ…ca,https://cdn.sanity.io/images/3a7q0xhj/production/87f92af28604fddc842b5b93d1c9ace5a0539fd3-636x365.png,40,0,0,150Ã—16mm Hardox HB500,0,0,Lemiesz Hardox HB500;Opcjonalne zÄ™by,JCB;CAT;Yanmar;Volvo;Bobcat;Hitachi;Atlas;Hyundai;Case;John Deere;Mecalac;Kubota;Liebherr;Taeuchi;Wacker Neuson,"Lehnhoff MS03, Verachtert CW05",0,0,,,,,,false,,,0,2025-09-08T10:48:16.540Z,2025-09-08T10:48:16Z,23
lyzka-kopiaca-45cm-1-1.5t,ÅyÅ¼ka kopiÄ…ca 45cm (1-1.5t),"ÅyÅ¼ka kopiÄ…ca 45cm do maszyn 1-1.5t. Lemiesz tnÄ…cy 150Ã—16mm Hardox HB500. Opcjonalnie: zÄ™by, spÃ³d Hardox HB500.

ğŸšš **Szybka dostawa:** Produkty dostÄ™pne na magazynie - wysyÅ‚ka w ciÄ…gu 24h od potwierdzenia zamÃ³wienia. Gwarantujemy dostawÄ™ w 48h na terenie caÅ‚ej Polski.",lyzka-kopiaca-45cm-1-1.5t,,830,1020.9,896,0,830,,0,200,4,false,ÅyÅ¼ki kat. 1-1.5 Tony,,,lyzki-kopiace,1-1.5t,,MiniTeamProject,,new,false,0,5,false,,https://cdn.sanity.io/images/3a7q0xhj/production/3f77b572b33dae23d4ccc0d0e8e5c07351e16276-1484x980.webp,,,,,,,,,,0,0,0,0,,,,,,/images/rys_techniczne/lyzka_1_5-2_3.png,Rysunek techniczny â€“ ÅyÅ¼ka kopiÄ…ca 45cm (1-1.5t),LYZKA_1_1_5T_KOPIACA,Rysunek techniczny 1-1.5t kopiÄ…ca,https://cdn.sanity.io/images/3a7q0xhj/production/65aec93ac07ba9e057bf542a40a8e4a61777523d-660x407.png,45,0,0,150Ã—16mm Hardox HB500,0,0,Lemiesz Hardox HB500;Opcjonalne zÄ™by,JCB;CAT;Yanmar;Volvo;Bobcat;Hitachi;Atlas;Hyundai;Case;John Deere;Mecalac;Kubota;Liebherr;Taeuchi;Wacker Neuson,"Lehnhoff MS01, Verachtert CW05",0,0,,,,,,false,,,0,2025-09-08T10:47:47.065Z,2025-09-08T10:47:47Z,23
lyzka-kopiaca-45cm-1.5-2.3t,ÅyÅ¼ka kopiÄ…ca 45cm (1.5-2.3t),"ÅyÅ¼ka kopiÄ…ca 45cm do maszyn 1.5-2.3t. Lemiesz tnÄ…cy 150Ã—16mm Hardox HB500. Opcjonalnie: zÄ™by, spÃ³d Hardox HB500.

ğŸšš **Szybka dostawa:** Produkty dostÄ™pne na magazynie - wysyÅ‚ka w ciÄ…gu 24h od potwierdzenia zamÃ³wienia. Gwarantujemy dostawÄ™ w 48h na terenie caÅ‚ej Polski.",lyzka-kopiaca-45cm-1.5-2.3t,,1120,1377.6,1210,0,1120,,0,200,4,false,ÅyÅ¼ki kat. 1.5-2.3 Tony,,,lyzki-kopiace,1.5-2.3t,,MiniTeamProject,,new,false,0,5,false,,https://cdn.sanity.io/images/3a7q0xhj/production/9c186087bae5c2053bb6da41d1c681dddc82abfb-3515x1628.webp,,,,,,,,,,0,0,0,0,,,,,,/images/rys_techniczne/lyzka_1_5-2_3.png,Rysunek techniczny â€“ ÅyÅ¼ka kopiÄ…ca 45cm (1.5-2.3t),LYZKA_1_5_2_3T_KOPIACA,Rysunek techniczny 1.5-2.3t kopiÄ…ca,https://cdn.sanity.io/images/3a7q0xhj/production/d4d23411701f35f3593357a259a7934ea76b1043-699x388.png,45,0,0,150Ã—16mm Hardox HB500,0,0,Lemiesz Hardox HB500;Opcjonalne zÄ™by,JCB;CAT;Yanmar;Volvo;Bobcat;Hitachi;Atlas;Hyundai;Case;John Deere;Mecalac;Kubota;Liebherr;Taeuchi;Wacker Neuson,"Lehnhoff MS01, Verachtert CW05",0,0,,,,,,false,,,0,2025-09-08T10:47:57.170Z,2025-09-08T10:47:57Z,23
lyzka-kopiaca-45cm-2.3-3t,ÅyÅ¼ka kopiÄ…ca 45cm (2.3-3t),"ÅyÅ¼ka kopiÄ…ca 45cm do maszyn 2.3-3t. Lemiesz tnÄ…cy 150Ã—16mm Hardox HB500. Opcjonalnie: zÄ™by, spÃ³d Hardox HB500.

ğŸšš **Szybka dostawa:** Produkty dostÄ™pne na magazynie - wysyÅ‚ka w ciÄ…gu 24h od potwierdzenia zamÃ³wienia. Gwarantujemy dostawÄ™ w 48h na terenie caÅ‚ej Polski.",lyzka-kopiaca-45cm-2.3-3t,,1220,1500.6,1318,0,1220,,0,200,4,false,ÅyÅ¼ki kat. 2.3-3 Tony,,,lyzki-kopiace,2.3-3t,,MiniTeamProject,,new,false,0,5,false,,https://cdn.sanity.io/images/3a7q0xhj/production/9c186087bae5c2053bb6da41d1c681dddc82abfb-3515x1628.webp,,,,,,,,,,0,0,0,0,,,,,,/images/rys_techniczne/lyzka_1_5-2_3_2.png,Rysunek techniczny â€“ ÅyÅ¼ka kopiÄ…ca 45cm (2.3-3t),LYZKA_2_3_3T_KOPIACA,Rysunek techniczny 2.3-3t kopiÄ…ca,https://cdn.sanity.io/images/3a7q0xhj/production/4059ad0478541dbab766683bed694765f59c0655-644x418.png,45,0,0,150Ã—16mm Hardox HB500,0,0,Lemiesz Hardox HB500;Opcjonalne zÄ™by,JCB;CAT;Yanmar;Volvo;Bobcat;Hitachi;Atlas;Hyundai;Case;John Deere;Mecalac;Kubota;Liebherr;Taeuchi;Wacker Neuson,"Lehnhoff MS03, Verachtert CW05",0,0,,,,,,false,,,0,2025-09-08T10:48:06.358Z,2025-09-08T10:48:06Z,23
lyzka-kopiaca-45cm-3-5t,ÅyÅ¼ka kopiÄ…ca 45cm (3-5t),"ÅyÅ¼ka kopiÄ…ca 45cm do maszyn 3-5t. Lemiesz tnÄ…cy 150Ã—16mm Hardox HB500. Opcjonalnie: zÄ™by, spÃ³d Hardox HB500.

ğŸšš **Szybka dostawa:** Produkty dostÄ™pne na magazynie - wysyÅ‚ka w ciÄ…gu 24h od potwierdzenia zamÃ³wienia. Gwarantujemy dostawÄ™ w 48h na terenie caÅ‚ej Polski.",lyzka-kopiaca-45cm-3-5t,,1730,2127.9,1868,0,1730,,0,165,3,false,ÅyÅ¼ki kat. 3-5 Tony,,,lyzki-kopiace,3-5t,,MiniTeamProject,,new,false,0,5,false,,https://cdn.sanity.io/images/3a7q0xhj/production/4d2f95d78da7340aa7d6db84324e35ebc19ab0cd-1345x1289.png,,,,,,,,,,0,0,0,0,,,,,,/images/rys_techniczne/lyzka_hydr_2.3_3.png,Rysunek techniczny â€“ ÅyÅ¼ka kopiÄ…ca 45cm (3-5t),LYZKA_3_5T_KOPIACA,Rysunek techniczny 3-5t kopiÄ…ca,https://cdn.sanity.io/images/3a7q0xhj/production/87f92af28604fddc842b5b93d1c9ace5a0539fd3-636x365.png,45,0,0,150Ã—16mm Hardox HB500,0,0,Lemiesz Hardox HB500;Opcjonalne zÄ™by,JCB;CAT;Yanmar;Volvo;Bobcat;Hitachi;Atlas;Hyundai;Case;John Deere;Mecalac;Kubota;Liebherr;Taeuchi;Wacker Neuson,"Lehnhoff MS03, Verachtert CW05",0,0,,,,,,false,,,0,2025-09-08T10:48:17.559Z,2025-09-08T10:48:17Z,23
lyzka-kopiaca-50cm-1-1.5t,ÅyÅ¼ka kopiÄ…ca 50cm (1-1.5t),"ÅyÅ¼ka kopiÄ…ca 50cm do maszyn 1-1.5t. Lemiesz tnÄ…cy 150Ã—16mm Hardox HB500. Opcjonalnie: zÄ™by, spÃ³d Hardox HB500.

ğŸšš **Szybka dostawa:** Produkty dostÄ™pne na magazynie - wysyÅ‚ka w ciÄ…gu 24h od potwierdzenia zamÃ³wienia. Gwarantujemy dostawÄ™ w 48h na terenie caÅ‚ej Polski.",lyzka-kopiaca-50cm-1-1.5t,,850,1045.5,918,0,850,,0,200,4,false,ÅyÅ¼ki kat. 1-1.5 Tony,,,lyzki-kopiace,1-1.5t,,MiniTeamProject,,new,false,0,5,false,,https://cdn.sanity.io/images/3a7q0xhj/production/3f77b572b33dae23d4ccc0d0e8e5c07351e16276-1484x980.webp,,,,,,,,,,0,0,0,0,,,,,,/images/rys_techniczne/lyzka_1_5-2_3.png,Rysunek techniczny â€“ ÅyÅ¼ka kopiÄ…ca 50cm (1-1.5t),LYZKA_1_1_5T_KOPIACA,Rysunek techniczny 1-1.5t kopiÄ…ca,https://cdn.sanity.io/images/3a7q0xhj/production/65aec93ac07ba9e057bf542a40a8e4a61777523d-660x407.png,50,0,0,150Ã—16mm Hardox HB500,0,0,Lemiesz Hardox HB500;Opcjonalne zÄ™by,JCB;CAT;Yanmar;Volvo;Bobcat;Hitachi;Atlas;Hyundai;Case;John Deere;Mecalac;Kubota;Liebherr;Taeuchi;Wacker Neuson,"Lehnhoff MS01, Verachtert CW05",0,0,,,,,,false,,,0,2025-09-08T10:47:48.086Z,2025-09-08T10:47:48Z,23
lyzka-kopiaca-50cm-1.5-2.3t,ÅyÅ¼ka kopiÄ…ca 50cm (1.5-2.3t),"ÅyÅ¼ka kopiÄ…ca 50cm do maszyn 1.5-2.3t. Lemiesz tnÄ…cy 150Ã—16mm Hardox HB500. Opcjonalnie: zÄ™by, spÃ³d Hardox HB500.

ğŸšš **Szybka dostawa:** Produkty dostÄ™pne na magazynie - wysyÅ‚ka w ciÄ…gu 24h od potwierdzenia zamÃ³wienia. Gwarantujemy dostawÄ™ w 48h na terenie caÅ‚ej Polski.",lyzka-kopiaca-50cm-1.5-2.3t,,1160,1426.8,1253,0,1160,,0,200,4,false,ÅyÅ¼ki kat. 1.5-2.3 Tony,,,lyzki-kopiace,1.5-2.3t,,MiniTeamProject,,new,false,0,5,false,,https://cdn.sanity.io/images/3a7q0xhj/production/9c186087bae5c2053bb6da41d1c681dddc82abfb-3515x1628.webp,,,,,,,,,,0,0,0,0,,,,,,/images/rys_techniczne/lyzka_1_5-2_3.png,Rysunek techniczny â€“ ÅyÅ¼ka kopiÄ…ca 50cm (1.5-2.3t),LYZKA_1_5_2_3T_KOPIACA,Rysunek techniczny 1.5-2.3t kopiÄ…ca,https://cdn.sanity.io/images/3a7q0xhj/production/d4d23411701f35f3593357a259a7934ea76b1043-699x388.png,50,0,0,150Ã—16mm Hardox HB500,0,0,Lemiesz Hardox HB500;Opcjonalne zÄ™by,JCB;CAT;Yanmar;Volvo;Bobcat;Hitachi;Atlas;Hyundai;Case;John Deere;Mecalac;Kubota;Liebherr;Taeuchi;Wacker Neuson,"Lehnhoff MS01, Verachtert CW05",0,0,,,,,,false,,,0,2025-09-08T10:47:58.187Z,2025-09-08T10:47:58Z,23
lyzka-kopiaca-50cm-2.3-3t,ÅyÅ¼ka kopiÄ…ca 50cm (2.3-3t),"ÅyÅ¼ka kopiÄ…ca 50cm do maszyn 2.3-3t. Lemiesz tnÄ…cy 150Ã—16mm Hardox HB500. Opcjonalnie: zÄ™by, spÃ³d Hardox HB500.

ğŸšš **Szybka dostawa:** Produkty dostÄ™pne na magazynie - wysyÅ‚ka w ciÄ…gu 24h od potwierdzenia zamÃ³wienia. Gwarantujemy dostawÄ™ w 48h na terenie caÅ‚ej Polski.",lyzka-kopiaca-50cm-2.3-3t,,1260,1549.8,1361,0,1260,,0,200,4,false,ÅyÅ¼ki kat. 2.3-3 Tony,,,lyzki-kopiace,2.3-3t,,MiniTeamProject,,new,false,0,5,false,,https://cdn.sanity.io/images/3a7q0xhj/production/9c186087bae5c2053bb6da41d1c681dddc82abfb-3515x1628.webp,,,,,,,,,,0,0,0,0,,,,,,/images/rys_techniczne/lyzka_1_5-2_3_2.png,Rysunek techniczny â€“ ÅyÅ¼ka kopiÄ…ca 50cm (2.3-3t),LYZKA_2_3_3T_KOPIACA,Rysunek techniczny 2.3-3t kopiÄ…ca,https://cdn.sanity.io/images/3a7q0xhj/production/4059ad0478541dbab766683bed694765f59c0655-644x418.png,50,0,0,150Ã—16mm Hardox HB500,0,0,Lemiesz Hardox HB500;Opcjonalne zÄ™by,JCB;CAT;Yanmar;Volvo;Bobcat;Hitachi;Atlas;Hyundai;Case;John Deere;Mecalac;Kubota;Liebherr;Taeuchi;Wacker Neuson,"Lehnhoff MS03, Verachtert CW05",0,0,,,,,,false,,,0,2025-09-08T10:48:07.365Z,2025-09-08T10:48:07Z,23
lyzka-kopiaca-50cm-3-5t,ÅyÅ¼ka kopiÄ…ca 50cm (3-5t),"ÅyÅ¼ka kopiÄ…ca 50cm do maszyn 3-5t. Lemiesz tnÄ…cy 150Ã—16mm Hardox HB500. Opcjonalnie: zÄ™by, spÃ³d Hardox HB500.

ğŸšš **Szybka dostawa:** Produkty dostÄ™pne na magazynie - wysyÅ‚ka w ciÄ…gu 24h od potwierdzenia zamÃ³wienia. Gwarantujemy dostawÄ™ w 48h na terenie caÅ‚ej Polski.",lyzka-kopiaca-50cm-3-5t,,1790,2201.7,1933,0,1790,,0,200,4,false,ÅyÅ¼ki kat. 3-5 Tony,,,lyzki-kopiace,3-5t,,MiniTeamProject,,new,false,0,5,false,,https://cdn.sanity.io/images/3a7q0xhj/production/fb823598dc907410bc209f08600dcd64a153e537-1456x1347.png,,,,,,,,,,0,0,0,0,,,,,,/images/rys_techniczne/lyzka_hydr_2.3_3.png,Rysunek techniczny â€“ ÅyÅ¼ka kopiÄ…ca 50cm (3-5t),LYZKA_3_5T_KOPIACA,Rysunek techniczny 3-5t kopiÄ…ca,https://cdn.sanity.io/images/3a7q0xhj/production/87f92af28604fddc842b5b93d1c9ace5a0539fd3-636x365.png,50,0,0,150Ã—16mm Hardox HB500,0,0,Lemiesz Hardox HB500;Opcjonalne zÄ™by,JCB;CAT;Yanmar;Volvo;Bobcat;Hitachi;Atlas;Hyundai;Case;John Deere;Mecalac;Kubota;Liebherr;Taeuchi;Wacker Neuson,"Lehnhoff MS03, Verachtert CW05",0,0,,,,,,false,,,0,2025-09-08T10:48:18.574Z,2025-09-08T10:48:18Z,23
lyzka-kopiaca-60cm-1-1.5t,ÅyÅ¼ka kopiÄ…ca 60cm (1-1.5t),"ÅyÅ¼ka kopiÄ…ca 60cm do maszyn 1-1.5t. Lemiesz tnÄ…cy 150Ã—16mm Hardox HB500. Opcjonalnie: zÄ™by, spÃ³d Hardox HB500.

ğŸšš **Szybka dostawa:** Produkty dostÄ™pne na magazynie - wysyÅ‚ka w ciÄ…gu 24h od potwierdzenia zamÃ³wienia. Gwarantujemy dostawÄ™ w 48h na terenie caÅ‚ej Polski.",lyzka-kopiaca-60cm-1-1.5t,,900,1107,972,0,900,,0,240,5,false,ÅyÅ¼ki kat. 1-1.5 Tony,,,lyzki-kopiace,1-1.5t,,MiniTeamProject,,new,false,0,5,false,,https://cdn.sanity.io/images/3a7q0xhj/production/cbcbbf809fab7572abad1248c707eb81228fe59e-1484x980.jpg,,,,,,,,,,0,0,0,0,,,,,,/images/rys_techniczne/lyzka_1_5-2_3.png,Rysunek techniczny â€“ ÅyÅ¼ka kopiÄ…ca 60cm (1-1.5t),LYZKA_1_1_5T_KOPIACA,Rysunek techniczny 1-1.5t kopiÄ…ca,https://cdn.sanity.io/images/3a7q0xhj/production/65aec93ac07ba9e057bf542a40a8e4a61777523d-660x407.png,60,0,0,150Ã—16mm Hardox HB500,0,0,Lemiesz Hardox HB500;Opcjonalne zÄ™by,JCB;CAT;Yanmar;Volvo;Bobcat;Hitachi;Atlas;Hyundai;Case;John Deere;Mecalac;Kubota;Liebherr;Taeuchi;Wacker Neuson,"Lehnhoff MS01, Verachtert CW05",0,0,,,,,,false,,,0,2025-09-08T10:47:49.041Z,2025-09-08T10:47:49Z,23
lyzka-kopiaca-60cm-1.5-2.3t,ÅyÅ¼ka kopiÄ…ca 60cm (1.5-2.3t),"ÅyÅ¼ka kopiÄ…ca 60cm do maszyn 1.5-2.3t. Lemiesz tnÄ…cy 150Ã—16mm Hardox HB500. Opcjonalnie: zÄ™by, spÃ³d Hardox HB500.

ğŸšš **Szybka dostawa:** Produkty dostÄ™pne na magazynie - wysyÅ‚ka w ciÄ…gu 24h od potwierdzenia zamÃ³wienia. Gwarantujemy dostawÄ™ w 48h na terenie caÅ‚ej Polski.",lyzka-kopiaca-60cm-1.5-2.3t,,1200,1476,1296,0,1200,,0,240,5,false,ÅyÅ¼ki kat. 1.5-2.3 Tony,,,lyzki-kopiace,1.5-2.3t,,MiniTeamProject,,new,false,0,5,false,,https://cdn.sanity.io/images/3a7q0xhj/production/26a72291f2f69aa02b638e3118a93124b3705307-3515x1628.webp,,,,,,,,,,0,0,0,0,,,,,,/images/rys_techniczne/lyzka_1_5-2_3.png,Rysunek techniczny â€“ ÅyÅ¼ka kopiÄ…ca 60cm (1.5-2.3t),LYZKA_1_5_2_3T_KOPIACA,Rysunek techniczny 1.5-2.3t kopiÄ…ca,https://cdn.sanity.io/images/3a7q0xhj/production/d4d23411701f35f3593357a259a7934ea76b1043-699x388.png,60,0,0,150Ã—16mm Hardox HB500,0,0,Lemiesz Hardox HB500;Opcjonalne zÄ™by,JCB;CAT;Yanmar;Volvo;Bobcat;Hitachi;Atlas;Hyundai;Case;John Deere;Mecalac;Kubota;Liebherr;Taeuchi;Wacker Neuson,"Lehnhoff MS01, Verachtert CW05",0,0,,,,,,false,,,0,2025-09-08T10:47:59.214Z,2025-09-08T10:47:59Z,23
lyzka-kopiaca-60cm-2.3-3t,ÅyÅ¼ka kopiÄ…ca 60cm (2.3-3t),"ÅyÅ¼ka kopiÄ…ca 60cm do maszyn 2.3-3t. Lemiesz tnÄ…cy 150Ã—16mm Hardox HB500. Opcjonalnie: zÄ™by, spÃ³d Hardox HB500.

ğŸšš **Szybka dostawa:** Produkty dostÄ™pne na magazynie - wysyÅ‚ka w ciÄ…gu 24h od potwierdzenia zamÃ³wienia. Gwarantujemy dostawÄ™ w 48h na terenie caÅ‚ej Polski.",lyzka-kopiaca-60cm-2.3-3t,,1300,1599,1404,0,1300,,0,240,5,false,ÅyÅ¼ki kat. 2.3-3 Tony,,,lyzki-kopiace,2.3-3t,,MiniTeamProject,,new,false,0,5,false,,https://cdn.sanity.io/images/3a7q0xhj/production/26a72291f2f69aa02b638e3118a93124b3705307-3515x1628.webp,,,,,,,,,,0,0,0,0,,,,,,/images/rys_techniczne/lyzka_1_5-2_3_2.png,Rysunek techniczny â€“ ÅyÅ¼ka kopiÄ…ca 60cm (2.3-3t),LYZKA_2_3_3T_KOPIACA,Rysunek techniczny 2.3-3t kopiÄ…ca,https://cdn.sanity.io/images/3a7q0xhj/production/4059ad0478541dbab766683bed694765f59c0655-644x418.png,60,0,0,150Ã—16mm Hardox HB500,0,0,Lemiesz Hardox HB500;Opcjonalne zÄ™by,JCB;CAT;Yanmar;Volvo;Bobcat;Hitachi;Atlas;Hyundai;Case;John Deere;Mecalac;Kubota;Liebherr;Taeuchi;Wacker Neuson,"Lehnhoff MS03, Verachtert CW05",0,0,,,,,,false,,,0,2025-09-08T10:48:08.387Z,2025-09-08T10:48:08Z,23
lyzka-kopiaca-60cm-3-5t,ÅyÅ¼ka kopiÄ…ca 60cm (3-5t),"ÅyÅ¼ka kopiÄ…ca 60cm do maszyn 3-5t. Lemiesz tnÄ…cy 150Ã—16mm Hardox HB500. Opcjonalnie: zÄ™by, spÃ³d Hardox HB500.

ğŸšš **Szybka dostawa:** Produkty dostÄ™pne na magazynie - wysyÅ‚ka w ciÄ…gu 24h od potwierdzenia zamÃ³wienia. Gwarantujemy dostawÄ™ w 48h na terenie caÅ‚ej Polski.",lyzka-kopiaca-60cm-3-5t,,1920,2361.6,2074,1920,1920,,0,200,4,true,ÅyÅ¼ki kat. 3-5 Tony,,,lyzki-kopiace,3-5t,,MiniTeamProject,,new,false,0,5,false,,https://cdn.sanity.io/images/3a7q0xhj/production/f2c84a7feffbf98aee177fdf9f7d02a916779bb0-1426x1262.png,,,,,,,,,,0,0,0,0,,,,,,/images/rys_techniczne/lyzka_hydr_2.3_3.png,Rysunek techniczny â€“ ÅyÅ¼ka kopiÄ…ca 60cm (3-5t),LYZKA_3_5T_KOPIACA,Rysunek techniczny 3-5t kopiÄ…ca,https://cdn.sanity.io/images/3a7q0xhj/production/87f92af28604fddc842b5b93d1c9ace5a0539fd3-636x365.png,60,0,0,150Ã—16mm Hardox HB500,0,0,Lemiesz Hardox HB500;Opcjonalne zÄ™by,JCB;CAT;Yanmar;Volvo;Bobcat;Hitachi;Atlas;Hyundai;Case;John Deere;Mecalac;Kubota;Liebherr;Taeuchi;Wacker Neuson,"Lehnhoff MS03, Verachtert CW05",0,0,,,,,,false,,,0,2025-09-08T10:48:19.592Z,2025-09-07T14:48:15Z,23
lyzka-kopiaca-70cm-1-1.5t,ÅyÅ¼ka kopiÄ…ca 70cm (1-1.5t),"ÅyÅ¼ka kopiÄ…ca 70cm do maszyn 1-1.5t. Lemiesz tnÄ…cy 150Ã—16mm Hardox HB500. Opcjonalnie: zÄ™by, spÃ³d Hardox HB500.

ğŸšš **Szybka dostawa:** Produkty dostÄ™pne na magazynie - wysyÅ‚ka w ciÄ…gu 24h od potwierdzenia zamÃ³wienia. Gwarantujemy dostawÄ™ w 48h na terenie caÅ‚ej Polski.",lyzka-kopiaca-70cm-1-1.5t,,940,1156.2,1015,0,940,,0,240,5,false,ÅyÅ¼ki kat. 1-1.5 Tony,,,lyzki-kopiace,1-1.5t,,MiniTeamProject,,new,false,0,5,false,,https://cdn.sanity.io/images/3a7q0xhj/production/ad997bd0cbc49ce512b5c2e0fcf50d06ea8af4dc-1484x980.webp,,,,,,,,,,0,0,0,0,,,,,,/images/rys_techniczne/lyzka_1_5-2_3.png,Rysunek techniczny â€“ ÅyÅ¼ka kopiÄ…ca 70cm (1-1.5t),LYZKA_1_1_5T_KOPIACA,Rysunek techniczny 1-1.5t kopiÄ…ca,https://cdn.sanity.io/images/3a7q0xhj/production/65aec93ac07ba9e057bf542a40a8e4a61777523d-660x407.png,70,0,0,150Ã—16mm Hardox HB500,0,0,Lemiesz Hardox HB500;Opcjonalne zÄ™by,JCB;CAT;Yanmar;Volvo;Bobcat;Hitachi;Atlas;Hyundai;Case;John Deere;Mecalac;Kubota;Liebherr;Taeuchi;Wacker Neuson,"Lehnhoff MS01, Verachtert CW05",0,0,,,,,,false,,,0,2025-09-08T10:47:50.061Z,2025-09-08T10:47:50Z,23
lyzka-kopiaca-70cm-3-5t,ÅyÅ¼ka kopiÄ…ca 70cm (3-5t),"ÅyÅ¼ka kopiÄ…ca 70cm do maszyn 3-5t. Lemiesz tnÄ…cy 150Ã—16mm Hardox HB500. Opcjonalnie: zÄ™by, spÃ³d Hardox HB500.

ğŸšš **Szybka dostawa:** Produkty dostÄ™pne na magazynie - wysyÅ‚ka w ciÄ…gu 24h od potwierdzenia zamÃ³wienia. Gwarantujemy dostawÄ™ w 48h na terenie caÅ‚ej Polski.",lyzka-kopiaca-70cm-3-5t,,1980,2435.4,2138,0,1980,,0,235,4,false,ÅyÅ¼ki kat. 3-5 Tony,,,lyzki-kopiace,3-5t,,MiniTeamProject,,new,false,0,5,false,,https://cdn.sanity.io/images/3a7q0xhj/production/f2c84a7feffbf98aee177fdf9f7d02a916779bb0-1426x1262.png,,,,,,,,,,0,0,0,0,,,,,,/images/rys_techniczne/lyzka_hydr_2.3_3.png,Rysunek techniczny â€“ ÅyÅ¼ka kopiÄ…ca 70cm (3-5t),LYZKA_3_5T_KOPIACA,Rysunek techniczny 3-5t kopiÄ…ca,https://cdn.sanity.io/images/3a7q0xhj/production/87f92af28604fddc842b5b93d1c9ace5a0539fd3-636x365.png,70,0,0,150Ã—16mm Hardox HB500,0,0,Lemiesz Hardox HB500;Opcjonalne zÄ™by,JCB;CAT;Yanmar;Volvo;Bobcat;Hitachi;Atlas;Hyundai;Case;John Deere;Mecalac;Kubota;Liebherr;Taeuchi;Wacker Neuson,"Lehnhoff MS03, Verachtert CW05",0,0,,,,,,false,,,0,2025-09-08T10:48:20.616Z,2025-09-08T10:48:20Z,23
lyzka-kopiaca-80cm-2.3-3t,ÅyÅ¼ka kopiÄ…ca 80cm (2.3-3t),"ÅyÅ¼ka kopiÄ…ca 80cm do maszyn 2.3-3t. Lemiesz tnÄ…cy 150Ã—16mm Hardox HB500. Opcjonalnie: zÄ™by, spÃ³d Hardox HB500.

ğŸšš **Szybka dostawa:** Produkty dostÄ™pne na magazynie - wysyÅ‚ka w ciÄ…gu 24h od potwierdzenia zamÃ³wienia. Gwarantujemy dostawÄ™ w 48h na terenie caÅ‚ej Polski.",lyzka-kopiaca-80cm-2.3-3t,,1390,1709.7,1501,0,1390,,0,270,6,false,ÅyÅ¼ki kat. 2.3-3 Tony,,,lyzki-kopiace,2.3-3t,,MiniTeamProject,,new,false,0,5,false,,https://cdn.sanity.io/images/3a7q0xhj/production/3af400db642c50626917a1b75d702436217861df-3515x1628.webp,,,,,,,,,,0,0,0,0,,,,,,/images/rys_techniczne/lyzka_1_5-2_3_2.png,Rysunek techniczny â€“ ÅyÅ¼ka kopiÄ…ca 80cm (2.3-3t),LYZKA_2_3_3T_KOPIACA,Rysunek techniczny 2.3-3t kopiÄ…ca,https://cdn.sanity.io/images/3a7q0xhj/production/4059ad0478541dbab766683bed694765f59c0655-644x418.png,80,0,0,150Ã—16mm Hardox HB500,0,0,Lemiesz Hardox HB500;Opcjonalne zÄ™by,JCB;CAT;Yanmar;Volvo;Bobcat;Hitachi;Atlas;Hyundai;Case;John Deere;Mecalac;Kubota;Liebherr;Taeuchi;Wacker Neuson,"Lehnhoff MS03, Verachtert CW05",0,0,,,,,,false,,,0,2025-09-08T10:48:09.413Z,2025-09-08T10:48:09Z,23
lyzka-kopiaca-80cm-3-5t,ÅyÅ¼ka kopiÄ…ca 80cm (3-5t),"ÅyÅ¼ka kopiÄ…ca 80cm do maszyn 3-5t. Lemiesz tnÄ…cy 150Ã—16mm Hardox HB500. Opcjonalnie: zÄ™by, spÃ³d Hardox HB500.

ğŸšš **Szybka dostawa:** Produkty dostÄ™pne na magazynie - wysyÅ‚ka w ciÄ…gu 24h od potwierdzenia zamÃ³wienia. Gwarantujemy dostawÄ™ w 48h na terenie caÅ‚ej Polski.",lyzka-kopiaca-80cm-3-5t,,2080,2558.4,2246,0,2080,,0,235,4,false,ÅyÅ¼ki kat. 3-5 Tony,,,lyzki-kopiace,3-5t,,MiniTeamProject,,new,false,0,5,false,,https://cdn.sanity.io/images/3a7q0xhj/production/c3a3028b4ca999c80d2aad4bd495166147995355-1503x1221.png,,,,,,,,,,0,0,0,0,,,,,,/images/rys_techniczne/lyzka_hydr_2.3_3.png,Rysunek techniczny â€“ ÅyÅ¼ka kopiÄ…ca 80cm (3-5t),LYZKA_3_5T_KOPIACA,Rysunek techniczny 3-5t kopiÄ…ca,https://cdn.sanity.io/images/3a7q0xhj/production/87f92af28604fddc842b5b93d1c9ace5a0539fd3-636x365.png,80,0,0,150Ã—16mm Hardox HB500,0,0,Lemiesz Hardox HB500;Opcjonalne zÄ™by,JCB;CAT;Yanmar;Volvo;Bobcat;Hitachi;Atlas;Hyundai;Case;John Deere;Mecalac;Kubota;Liebherr;Taeuchi;Wacker Neuson,"Lehnhoff MS03, Verachtert CW05",0,0,,,,,,false,,,0,2025-09-08T10:48:21.637Z,2025-09-08T10:48:21Z,23
lyzka-kopiaca-90cm-3-5t,ÅyÅ¼ka kopiÄ…ca 90cm (3-5t),"ÅyÅ¼ka kopiÄ…ca 90cm do maszyn 3-5t. Lemiesz tnÄ…cy 150Ã—16mm Hardox HB500. Opcjonalnie: zÄ™by, spÃ³d Hardox HB500.

ğŸšš **Szybka dostawa:** Produkty dostÄ™pne na magazynie - wysyÅ‚ka w ciÄ…gu 24h od potwierdzenia zamÃ³wienia. Gwarantujemy dostawÄ™ w 48h na terenie caÅ‚ej Polski.",lyzka-kopiaca-90cm-3-5t,,2270,2792.1,2452,2270,2270,,0,270,5,true,ÅyÅ¼ki kat. 3-5 Tony,,,lyzki-kopiace,3-5t,,MiniTeamProject,,new,false,0,5,false,,https://cdn.sanity.io/images/3a7q0xhj/production/c3a3028b4ca999c80d2aad4bd495166147995355-1503x1221.png,,,,,,,,,,0,0,0,0,,,,,,/images/rys_techniczne/lyzka_hydr_2.3_3.png,Rysunek techniczny â€“ ÅyÅ¼ka kopiÄ…ca 90cm (3-5t),LYZKA_3_5T_KOPIACA,Rysunek techniczny 3-5t kopiÄ…ca,https://cdn.sanity.io/images/3a7q0xhj/production/87f92af28604fddc842b5b93d1c9ace5a0539fd3-636x365.png,90,0,0,150Ã—16mm Hardox HB500,0,0,Lemiesz Hardox HB500;Opcjonalne zÄ™by,JCB;CAT;Yanmar;Volvo;Bobcat;Hitachi;Atlas;Hyundai;Case;John Deere;Mecalac;Kubota;Liebherr;Taeuchi;Wacker Neuson,"Lehnhoff MS03, Verachtert CW05",0,0,,,,,,false,,,0,2025-09-08T10:48:22.650Z,2025-09-07T15:07:57Z,23
lyzka-skarpowa-100cm-1-1.5t,ÅyÅ¼ka skarpowa 100cm (1-1.5t),"ÅyÅ¼ka skarpowa 100cm do maszyn 1-1.5t. Lemiesz tnÄ…cy 110Ã—16mm Hardox HB500. Typ skarpowy.

ğŸšš **Szybka dostawa:** Produkty dostÄ™pne na magazynie - wysyÅ‚ka w ciÄ…gu 24h od potwierdzenia zamÃ³wienia. Gwarantujemy dostawÄ™ w 48h na terenie caÅ‚ej Polski.",lyzka-skarpowa-100cm-1-1.5t,,1040,1279.2,1123,0,1040,,0,1350,5,false,ÅyÅ¼ki kat. 1-1.5 Tony,,,lyzki-skarpowe,1-1.5t,,MiniTeamProject,,new,false,0,5,false,,https://cdn.sanity.io/images/3a7q0xhj/production/2ede9dbf174730473b4df7e47092d41b834ad68c-1484x980.jpg,,,,,,,,,,0,0,0,0,,,,,,/images/rys_techniczne/lyzka_skarpowa.png,Rysunek techniczny â€“ ÅyÅ¼ka skarpowa 100cm (1-1.5t),LYZKA_1_1_5T_SKARPOWA,Rysunek techniczny 1-1.5t skarpowa,https://cdn.sanity.io/images/3a7q0xhj/production/9f02831f7c8db6b1e7c963c60b10683e5ab0a35e-633x393.png,100,0,0,110Ã—16mm Hardox HB500,0,0,Lemiesz Hardox HB500;Typ skarpowy,JCB;CAT;Yanmar;Volvo;Bobcat;Hitachi;Atlas;Hyundai;Case;John Deere;Mecalac;Kubota;Liebherr;Taeuchi;Wacker Neuson,"Lehnhoff MS01, Verachtert CW05",0,0,,,,,,false,,,0,2025-09-08T10:47:53.133Z,2025-09-08T10:47:53Z,23
lyzka-skarpowa-120cm-1.5-2.3t,ÅyÅ¼ka skarpowa 120cm (1.5-2.3t),"ÅyÅ¼ka skarpowa 120cm do maszyn 1.5-2.3t. Lemiesz tnÄ…cy 150Ã—16mm Hardox HB500. Typ skarpowy.

ğŸšš **Szybka dostawa:** Produkty dostÄ™pne na magazynie - wysyÅ‚ka w ciÄ…gu 24h od potwierdzenia zamÃ³wienia. Gwarantujemy dostawÄ™ w 48h na terenie caÅ‚ej Polski.",lyzka-skarpowa-120cm-1.5-2.3t,,1550,1906.5,1656.5,1550,3200,,0,0,0,false,ÅyÅ¼ki kat. 1.5-2.3 Tony,,,lyzki-skarpowe,1.5-2.3t,,MiniTeamProject,,new,false,0,5,false,,https://cdn.sanity.io/images/3a7q0xhj/production/e761f4bbeb4ef263c35fe303a5c9713d20e044c2-1600x741.jpg,,,,,,,,,,0,0,0,0,,,,,,/images/rys_techniczne/lyzka_skarpowa.png,Rysunek techniczny â€“ ÅyÅ¼ka skarpowa 120cm (1.5-2.3t),LYZKA_1_5_2_3T_SKARPOWA,Rysunek techniczny 1.5-2.3t skarpowa,https://cdn.sanity.io/images/3a7q0xhj/production/c46dba31213e3b2f0fe15138beacd5bd1be01fc2-3309x2339.png,120,0,0,150Ã—16mm Hardox HB500,0,0,Lemiesz Hardox HB500;Typ skarpowy,JCB;CAT;Yanmar;Volvo;Bobcat;Hitachi;Atlas;Hyundai;Case;John Deere;Mecalac;Kubota;Liebherr;Taeuchi;Wacker Neuson,"Lehnhoff MS01, Verachtert CW05",0,0,,,,,,false,,,0,2025-09-08T10:48:02.292Z,2025-09-07T15:07:52Z,23
lyzka-skarpowa-120cm-2.3-3t,ÅyÅ¼ka skarpowa 120cm (2.3-3t),"ÅyÅ¼ka skarpowa 120cm do maszyn 2.3-3t. Lemiesz tnÄ…cy 150Ã—16mm Hardox HB500. Typ skarpowy.

ğŸšš **Szybka dostawa:** Produkty dostÄ™pne na magazynie - wysyÅ‚ka w ciÄ…gu 24h od potwierdzenia zamÃ³wienia. Gwarantujemy dostawÄ™ w 48h na terenie caÅ‚ej Polski.",lyzka-skarpowa-120cm-2.3-3t,,1550,1906.5,1700,0,3200,,0,0,0,false,ÅyÅ¼ki kat. 2.3-3 Tony,,,lyzki-skarpowe,2.3-3t,,MiniTeamProject,,new,false,0,5,false,,https://cdn.sanity.io/images/3a7q0xhj/production/d59355412b88368e18b8eb2b7a503b962d1abac6-1600x756.jpg,,,,,,,,,,0,0,0,0,,,,,,/images/rys_techniczne/lyzka_skarpowa.png,Rysunek techniczny â€“ ÅyÅ¼ka skarpowa 120cm (2.3-3t),LYZKA_2_3_3T_SKARPOWA,Rysunek techniczny 2.3-3t skarpowa,https://cdn.sanity.io/images/3a7q0xhj/production/c46dba31213e3b2f0fe15138beacd5bd1be01fc2-3309x2339.png,120,0,0,150Ã—16mm Hardox HB500,0,0,Lemiesz Hardox HB500;Typ skarpowy,JCB;CAT;Yanmar;Volvo;Bobcat;Hitachi;Atlas;Hyundai;Case;John Deere;Mecalac;Kubota;Liebherr;Taeuchi;Wacker Neuson,"Lehnhoff MS03, Verachtert CW05",0,0,,,,,,false,,,0,2025-09-08T10:48:12.459Z,2025-09-08T10:48:10Z,23
lyzka-skarpowa-120cm-3-5t,ÅyÅ¼ka skarpowa 120cm (3-5t),"ÅyÅ¼ka skarpowa 120cm do maszyn 3-5t. Lemiesz tnÄ…cy 150Ã—16mm Hardox HB500. Typ skarpowy.

ğŸšš **Szybka dostawa:** Produkty dostÄ™pne na magazynie - wysyÅ‚ka w ciÄ…gu 24h od potwierdzenia zamÃ³wienia. Gwarantujemy dostawÄ™ w 48h na terenie caÅ‚ej Polski.",lyzka-skarpowa-120cm-3-5t,,2090,2570.7,2257,0,2090,,0,0,0,false,ÅyÅ¼ki kat. 3-5 Tony,,,lyzki-skarpowe,3-5t,,MiniTeamProject,,new,false,0,5,false,,https://cdn.sanity.io/images/3a7q0xhj/production/356009bed6955d53177c7feda5109e19e06270af-1600x756.jpg,,,,,,,,,,0,0,0,0,,,,,,/images/rys_techniczne/lyzka_skarpowa.png,Rysunek techniczny â€“ ÅyÅ¼ka skarpowa 120cm (3-5t),LYZKA_3_5T_SKARPOWA,Rysunek techniczny 3-5t skarpowa,https://cdn.sanity.io/images/3a7q0xhj/production/984e2319ea0bfe78f380f9de59565af8cae917e8-662x381.png,120,0,0,150Ã—16mm Hardox HB500,0,0,Lemiesz Hardox HB500;Typ skarpowy,JCB;CAT;Yanmar;Volvo;Bobcat;Hitachi;Atlas;Hyundai;Case;John Deere;Mecalac;Kubota;Liebherr;Taeuchi;Wacker Neuson,"Lehnhoff MS03, Verachtert CW05",0,0,,,,,,false,,,0,2025-09-08T10:48:24.674Z,2025-09-08T10:48:24Z,23
lyzka-skarpowa-130cm-1.5-2.3t,ÅyÅ¼ka skarpowa 130cm (1.5-2.3t),"ÅyÅ¼ka skarpowa 130cm do maszyn 1.5-2.3t. Lemiesz tnÄ…cy 150Ã—16mm Hardox HB500. Typ skarpowy.

ğŸšš **Szybka dostawa:** Produkty dostÄ™pne na magazynie - wysyÅ‚ka w ciÄ…gu 24h od potwierdzenia zamÃ³wienia. Gwarantujemy dostawÄ™ w 48h na terenie caÅ‚ej Polski.",lyzka-skarpowa-130cm-1.5-2.3t,,1680,2066.4,1814,1680,1680,,0,0,0,false,ÅyÅ¼ki kat. 1.5-2.3 Tony,,,lyzki-skarpowe,1.5-2.3t,,MiniTeamProject,,new,false,0,5,false,,https://cdn.sanity.io/images/3a7q0xhj/production/e761f4bbeb4ef263c35fe303a5c9713d20e044c2-1600x741.jpg,,,,,,,,,,0,0,0,0,,,,,,/images/rys_techniczne/lyzka_skarpowa.png,Rysunek techniczny â€“ ÅyÅ¼ka skarpowa 130cm (1.5-2.3t),LYZKA_1_5_2_3T_SKARPOWA,Rysunek techniczny 1.5-2.3t skarpowa,https://cdn.sanity.io/images/3a7q0xhj/production/c46dba31213e3b2f0fe15138beacd5bd1be01fc2-3309x2339.png,130,0,0,150Ã—16mm Hardox HB500,0,0,Lemiesz Hardox HB500;Typ skarpowy,JCB;CAT;Yanmar;Volvo;Bobcat;Hitachi;Atlas;Hyundai;Case;John Deere;Mecalac;Kubota;Liebherr;Taeuchi;Wacker Neuson,"Lehnhoff MS01, Verachtert CW05",0,0,,,,,,false,,,0,2025-09-08T10:48:01.258Z,2025-09-07T15:07:53Z,23
lyzka-skarpowa-130cm-2.3-3t,ÅyÅ¼ka skarpowa 130cm (2.3-3t),"ÅyÅ¼ka skarpowa 130cm do maszyn 2.3-3t. Lemiesz tnÄ…cy 150Ã—16mm Hardox HB500. Typ skarpowy.

ğŸšš **Szybka dostawa:** Produkty dostÄ™pne na magazynie - wysyÅ‚ka w ciÄ…gu 24h od potwierdzenia zamÃ³wienia. Gwarantujemy dostawÄ™ w 48h na terenie caÅ‚ej Polski.",lyzka-skarpowa-130cm-2.3-3t,,1680,2066.4,1814,0,1680,,0,0,0,false,ÅyÅ¼ki kat. 2.3-3 Tony,,,lyzki-skarpowe,2.3-3t,,MiniTeamProject,,new,false,0,5,false,,https://cdn.sanity.io/images/3a7q0xhj/production/d59355412b88368e18b8eb2b7a503b962d1abac6-1600x756.jpg,,,,,,,,,,0,0,0,0,,,,,,/images/rys_techniczne/lyzka_skarpowa.png,Rysunek techniczny â€“ ÅyÅ¼ka skarpowa 130cm (2.3-3t),LYZKA_2_3_3T_SKARPOWA,Rysunek techniczny 2.3-3t skarpowa,https://cdn.sanity.io/images/3a7q0xhj/production/c46dba31213e3b2f0fe15138beacd5bd1be01fc2-3309x2339.png,130,0,0,150Ã—16mm Hardox HB500,0,0,Lemiesz Hardox HB500;Typ skarpowy,JCB;CAT;Yanmar;Volvo;Bobcat;Hitachi;Atlas;Hyundai;Case;John Deere;Mecalac;Kubota;Liebherr;Taeuchi;Wacker Neuson,"Lehnhoff MS03, Verachtert CW05",0,0,,,,,,false,,,0,2025-09-08T10:48:11.444Z,2025-09-08T10:48:11Z,23
lyzka-skarpowa-150cm-3-5t,ÅyÅ¼ka skarpowa 150cm (3-5t),"ÅyÅ¼ka skarpowa 150cm do maszyn 3-5t. Lemiesz tnÄ…cy 150Ã—16mm Hardox HB500. Typ skarpowy.

ğŸšš **Szybka dostawa:** Produkty dostÄ™pne na magazynie - wysyÅ‚ka w ciÄ…gu 24h od potwierdzenia zamÃ³wienia. Gwarantujemy dostawÄ™ w 48h na terenie caÅ‚ej Polski.",lyzka-skarpowa-150cm-3-5t,150cm-3-5t,2200,2706,2376,2200,2200,,0,0,0,false,ÅyÅ¼ki kat. 3-5 Tony,,,lyzki-skarpowe,3-5t,,MiniTeamProject,,new,false,0,5,false,CieszkÃ³w,https://cdn.sanity.io/images/3a7q0xhj/production/399d1d8d1a3da3c64d5e102256b4add8844f1d8d-1600x756.jpg,,,,,,,,,,0,0,0,0,,,,,,/images/rys_techniczne/lyzka_skarpowa.png,Rysunek techniczny â€“ ÅyÅ¼ka skarpowa 150cm (3-5t),LYZKA_3_5T_SKARPOWA,Rysunek techniczny 3-5t skarpowa,https://cdn.sanity.io/images/3a7q0xhj/production/984e2319ea0bfe78f380f9de59565af8cae917e8-662x381.png,150,0,0,150Ã—16mm Hardox HB500,0,0,Lemiesz Hardox HB500;Typ skarpowy,JCB;CAT;Yanmar;Volvo;Bobcat;Hitachi;Atlas;Hyundai;Case;John Deere;Mecalac;Kubota;Liebherr;Taeuchi;Wacker Neuson,"Lehnhoff MS03, Verachtert CW05",0,0,,,,,,false,,,0,2025-09-08T10:48:25.698Z,2025-09-07T14:10:10Z,23
lyzka-skarpowa-80cm-1-1.5t,ÅyÅ¼ka skarpowa 80cm (1-1.5t),"ÅyÅ¼ka skarpowa 80cm do maszyn 1-1.5t. Lemiesz tnÄ…cy 110Ã—16mm Hardox HB500. Typ skarpowy.

ğŸšš **Szybka dostawa:** Produkty dostÄ™pne na magazynie - wysyÅ‚ka w ciÄ…gu 24h od potwierdzenia zamÃ³wienia. Gwarantujemy dostawÄ™ w 48h na terenie caÅ‚ej Polski.",lyzka-skarpowa-80cm-1-1.5t,,970,1193.1,1048,0,970,,0,940,4,false,ÅyÅ¼ki kat. 1-1.5 Tony,,,lyzki-skarpowe,1-1.5t,,MiniTeamProject,,new,false,0,5,false,,https://cdn.sanity.io/images/3a7q0xhj/production/485e39b413165b02fb5502a205798ca722c60e87-1484x980.webp,,,,,,,,,,0,0,0,0,,,,,,/images/rys_techniczne/lyzka_skarpowa.png,Rysunek techniczny â€“ ÅyÅ¼ka skarpowa 80cm (1-1.5t),LYZKA_1_1_5T_SKARPOWA,Rysunek techniczny 1-1.5t skarpowa,https://cdn.sanity.io/images/3a7q0xhj/production/9f02831f7c8db6b1e7c963c60b10683e5ab0a35e-633x393.png,80,0,0,110Ã—16mm Hardox HB500,0,0,Lemiesz Hardox HB500;Typ skarpowy,JCB;CAT;Yanmar;Volvo;Bobcat;Hitachi;Atlas;Hyundai;Case;John Deere;Mecalac;Kubota;Liebherr;Taeuchi;Wacker Neuson,"Lehnhoff MS01, Verachtert CW05",0,0,,,,,,false,,,0,2025-09-08T10:47:51.063Z,2025-09-08T10:47:51Z,23
lyzka-skarpowa-90cm-1-1.5t,ÅyÅ¼ka skarpowa 90cm (1-1.5t),"ÅyÅ¼ka skarpowa 90cm do maszyn 1-1.5t. Lemiesz tnÄ…cy 110Ã—16mm Hardox HB500. Typ skarpowy.

ğŸšš **Szybka dostawa:** Produkty dostÄ™pne na magazynie - wysyÅ‚ka w ciÄ…gu 24h od potwierdzenia zamÃ³wienia. Gwarantujemy dostawÄ™ w 48h na terenie caÅ‚ej Polski.",lyzka-skarpowa-90cm-1-1.5t,,1000,1230,1080,0,1000,,0,1350,5,false,ÅyÅ¼ki kat. 1-1.5 Tony,,,lyzki-skarpowe,1-1.5t,,MiniTeamProject,,new,false,0,5,false,,https://cdn.sanity.io/images/3a7q0xhj/production/c7ddbc3eb8d40de75e3fdd974c1b2c09caeda9c7-1484x980.webp,,,,,,,,,,0,0,0,0,,,,,,/images/rys_techniczne/lyzka_skarpowa.png,Rysunek techniczny â€“ ÅyÅ¼ka skarpowa 90cm (1-1.5t),LYZKA_1_1_5T_SKARPOWA,Rysunek techniczny 1-1.5t skarpowa,https://cdn.sanity.io/images/3a7q0xhj/production/9f02831f7c8db6b1e7c963c60b10683e5ab0a35e-633x393.png,90,0,0,110Ã—16mm Hardox HB500,0,0,Lemiesz Hardox HB500;Typ skarpowy,JCB;CAT;Yanmar;Volvo;Bobcat;Hitachi;Atlas;Hyundai;Case;John Deere;Mecalac;Kubota;Liebherr;Taeuchi;Wacker Neuson,"Lehnhoff MS01, Verachtert CW05",0,0,,,,,,false,,,0,2025-09-08T10:47:52.177Z,2025-09-08T10:47:52Z,23