SKU,Nazwa,Opis,Cena_brutto,VAT,Stan_magazynowy,Kategoria,Marka,Status,ZdjÄ™cie_1,ZdjÄ™cie_2,ZdjÄ™cie_3,Zakres_wagowy,Podkategoria,ZamÃ³wienia_telefoniczne
grabie-100cm-12mm,Grabie 100cm gruboÅ›Ä‡ zÄ™ba 12mm,"Grabie 100cm z 20 zÄ™bami gruboÅ›Ä‡ 12mm. Lemiesz tnÄ…cy Hardox HB500. Kompatybilne z JCB, CAT, Yanmar, Volvo, Bobcat, Hitachi, Atlas, Hyundai, Case, John Deere, Mecalac, Kubota, Liebherr, Taeuchi. SzybkozÅ‚Ä…cza: MS01, MS03, CW05.

ğŸšš **Szybka dostawa:** Produkty dostÄ™pne na magazynie - wysyÅ‚ka w ciÄ…gu 24h od potwierdzenia zamÃ³wienia. Gwarantujemy dostawÄ™ w 48h na terenie caÅ‚ej Polski.",1845,23,4,Grabie/Grabie 100cm â€¢ 12mm zÄ™by,MiniTeamProject,new,https://cdn.sanity.io/images/3a7q0xhj/production/5e983e8d8dac6726a80e2fd9a0b09ecf738d4a2a-578x432.png,,,,grabie-100-12,Nie
grabie-100cm-15mm,Grabie 100cm gruboÅ›Ä‡ zÄ™ba 15mm,"Grabie 100cm z 20 zÄ™bami gruboÅ›Ä‡ 15mm. Lemiesz tnÄ…cy Hardox HB500. Kompatybilne z JCB, CAT, Yanmar, Volvo, Bobcat, Hitachi, Atlas, Hyundai, Case, John Deere, Mecalac, Kubota, Liebherr, Taeuchi. SzybkozÅ‚Ä…cza: MS01, MS03, CW05.

ğŸšš **Szybka dostawa:** Produkty dostÄ™pne na magazynie - wysyÅ‚ka w ciÄ…gu 24h od potwierdzenia zamÃ³wienia. Gwarantujemy dostawÄ™ w 48h na terenie caÅ‚ej Polski.",2189.4,23,3,Grabie/Grabie 100cm â€¢ 15mm zÄ™by,MiniTeamProject,new,https://cdn.sanity.io/images/3a7q0xhj/production/5e983e8d8dac6726a80e2fd9a0b09ecf738d4a2a-578x432.png,,,,grabie-100-15,Nie
grabie-120cm-standard,Grabie 120cm (Standard),"Grabie 120cm z 22 zÄ™bami gruboÅ›Ä‡ 12mm - wersja standardowa. Kompatybilne z JCB, CAT, Yanmar, Volvo, Bobcat, Hitachi, Atlas, Hyundai, Case, John Deere, Mecalac, Kubota, Liebherr, Taeuchi. SzybkozÅ‚Ä…cza: MS01, MS03, CW05.

ğŸšš **Szybka dostawa:** Produkty dostÄ™pne na magazynie - wysyÅ‚ka w ciÄ…gu 24h od potwierdzenia zamÃ³wienia. Gwarantujemy dostawÄ™ w 48h na terenie caÅ‚ej Polski.",2570.7,23,3,Grabie,MiniTeamProject,hot,https://cdn.sanity.io/images/3a7q0xhj/production/9ffb026d3afed7ca420f6fe11abe76153561c279-654x381.png,,,,lyzki-skarpowe,Nie
grabie-120cm-12mm,Grabie 120cm gruboÅ›Ä‡ zÄ™ba 12mm,"Grabie 120cm z 22 zÄ™by gruboÅ›Ä‡ 12mm. Lemiesz tnÄ…cy Hardox HB500. Kompatybilne z JCB, CAT, Yanmar, Volvo, Bobcat, Hitachi, Atlas, Hyundai, Case, John Deere, Mecalac, Kubota, Liebherr, Taeuchi. SzybkozÅ‚Ä…cza: MS01, MS03, CW05.

ğŸšš **Szybka dostawa:** Produkty dostÄ™pne na magazynie - wysyÅ‚ka w ciÄ…gu 24h od potwierdzenia zamÃ³wienia. Gwarantujemy dostawÄ™ w 48h na terenie caÅ‚ej Polski.",2091,23,2,Grabie/Grabie 120cm â€¢ 12mm zÄ™by,MiniTeamProject,new,https://cdn.sanity.io/images/3a7q0xhj/production/9ffb026d3afed7ca420f6fe11abe76153561c279-654x381.png,,,,grabie-120-12,Nie
grabie-120cm-15mm,Grabie 120cm gruboÅ›Ä‡ zÄ™ba 15mm,"Grabie 120cm z 22 zÄ™by gruboÅ›Ä‡ 15mm. Lemiesz tnÄ…cy Hardox HB500. Kompatybilne z JCB, CAT, Yanmar, Volvo, Bobcat, Hitachi, Atlas, Hyundai, Case, John Deere, Mecalac, Kubota, Liebherr, Taeuchi. SzybkozÅ‚Ä…cza: MS01, MS03, CW05.

ğŸšš **Szybka dostawa:** Produkty dostÄ™pne na magazynie - wysyÅ‚ka w ciÄ…gu 24h od potwierdzenia zamÃ³wienia. Gwarantujemy dostawÄ™ w 48h na terenie caÅ‚ej Polski.",2386.2,23,3,Grabie/Grabie 120cm â€¢ 15mm zÄ™by,MiniTeamProject,hot,https://cdn.sanity.io/images/3a7q0xhj/production/9ffb026d3afed7ca420f6fe11abe76153561c279-654x381.png,,,,grabie-120-15,Nie
szczotka-zamiatarka-do-koparki,Szczotka zamiatarka do koparki,"W ofercie nowa szczotka do zamiatania do minikoparki/koparki.
Solidna i wytrzymaÅ‚a, idealna do prac porzÄ…dkowych w terenie.

Specyfikacja:

Wymiary: 120 Ã— 40 cm

DÅ‚ugoÅ›Ä‡ wÅ‚osia: 250 mm

GruboÅ›Ä‡ wÅ‚osia: 3 mm

Mocna i trwaÅ‚a konstrukcja

Åatwa w montaÅ¼u i obsÅ‚udze

Zastosowanie:

zamiatanie chodnikÃ³w i ulic

usuwanie bÅ‚ota, piasku, Å¼wiru

zamiatanie placÃ³w, kostki brukowej, parkingÃ³w

idealna do utrzymania czystoÅ›ci na budowie

Pasuje do minikoparek oraz koparek rÃ³Å¼nych marek.

ğŸšš **Szybka dostawa:** Produkty dostÄ™pne na magazynie - wysyÅ‚ka w ciÄ…gu 24h od potwierdzenia zamÃ³wienia. Gwarantujemy dostawÄ™ w 48h na terenie caÅ‚ej Polski.",3486,23,0,Uncategorized,MiniTeamProject,new,https://cdn.sanity.io/images/3a7q0xhj/production/30bda91a2d628c590875850dc85278bfb97f3afd-1600x1200.jpg,https://cdn.sanity.io/images/3a7q0xhj/production/14eee808bacaeb7dd4ff34870379c97a7e51e548-1600x1200.jpg,https://cdn.sanity.io/images/3a7q0xhj/production/ef0df500c405bb507c998c02d594a71fb0d9deeb-1200x1600.jpg,,,Nie
wiertnica-glebowa,Wiertnica glebowa â€“ napÄ™d,"NapÄ™d wiertnicy + moÅ¼liwoÅ›Ä‡ doboru systemu mocowania (Wahacz giÄ™ty, Wahacz kostka, Premium) oraz wiertÅ‚a (Fi 250 / 300 / 400).

ğŸšš **Szybka dostawa:** Produkty dostÄ™pne na magazynie - wysyÅ‚ka w ciÄ…gu 24h od potwierdzenia zamÃ³wienia. Gwarantujemy dostawÄ™ w 48h na terenie caÅ‚ej Polski.",3025.8,23,5,Wiertnice,MiniTeamProject,new,https://cdn.sanity.io/images/3a7q0xhj/production/d85366cae662ae2deef4781fc95023baf1e08317-331x741.png,,,,,Nie
zrywak-korzeni-1-2t,Zrywak korzeni 1-2t,"Zrywak korzeni do maszyn 1-2 t. GruboÅ›Ä‡ zÄ™ba 20mm. KoÅ„cÃ³wka zÄ™ba Hardox HB500. SzybkozÅ‚Ä…cza MS01/CW05.

ğŸšš **Szybka dostawa:** Produkty dostÄ™pne na magazynie - wysyÅ‚ka w ciÄ…gu 24h od potwierdzenia zamÃ³wienia. Gwarantujemy dostawÄ™ w 48h na terenie caÅ‚ej Polski.",1107,23,4,Rippery/Zrywaki korzeni,MiniTeamProject,new,https://cdn.sanity.io/images/3a7q0xhj/production/42f46de039127aa4ef0b86744610f40d699c4bfd-415x601.png,,,1-2t,,Nie
zrywak-podwojny-2-4t,Zrywak podwÃ³jny 2â€“4T,"Zrywak do koparki â€“ stal HARDOX HB500.

ğŸšš **Szybka dostawa:** Produkty dostÄ™pne na magazynie - wysyÅ‚ka w ciÄ…gu 24h od potwierdzenia zamÃ³wienia. Gwarantujemy dostawÄ™ w 48h na terenie caÅ‚ej Polski.",2164.8,23,10,Rippery/Zrywaki korzeni,MiniTeamProject,new,https://cdn.sanity.io/images/3a7q0xhj/production/ef5b33ba65f65a3ccccbdc6f94d42711cca7fdab-415x602.png,,,2-4t,,Tak
zrywak-podwojny-4-8t,Zrywak podwÃ³jny 4â€“8T,"Zrywak do koparki â€“ stal HARDOX HB500.

ğŸšš **Szybka dostawa:** Produkty dostÄ™pne na magazynie - wysyÅ‚ka w ciÄ…gu 24h od potwierdzenia zamÃ³wienia. Gwarantujemy dostawÄ™ w 48h na terenie caÅ‚ej Polski.",2706,23,10,Rippery/Zrywaki korzeni,MiniTeamProject,new,https://cdn.sanity.io/images/3a7q0xhj/production/46f0b61c8f9a6d296a1387f710be815106624e86-421x593.png,,,4-8t,,Nie
zrywak-pojedynczy-2-4t,Zrywak pojedynczy 2â€“4T,"Zrywak do koparki â€“ stal HARDOX HB500.

ğŸšš **Szybka dostawa:** Produkty dostÄ™pne na magazynie - wysyÅ‚ka w ciÄ…gu 24h od potwierdzenia zamÃ³wienia. Gwarantujemy dostawÄ™ w 48h na terenie caÅ‚ej Polski.",1722,23,10,Rippery/Zrywaki korzeni,MiniTeamProject,new,https://cdn.sanity.io/images/3a7q0xhj/production/dc5e9b63df7bbf693e44e9e7a751305327162877-426x586.png,,,2-4t,,Nie
zrywak-pojedynczy-4-8t,Zrywak pojedynczy 4â€“8T,"Zrywak do koparki â€“ stal HARDOX HB500.

ğŸšš **Szybka dostawa:** Produkty dostÄ™pne na magazynie - wysyÅ‚ka w ciÄ…gu 24h od potwierdzenia zamÃ³wienia. Gwarantujemy dostawÄ™ w 48h na terenie caÅ‚ej Polski.",2214,23,10,Rippery/Zrywaki korzeni,MiniTeamProject,new,https://cdn.sanity.io/images/3a7q0xhj/production/7fe001415fc96a576adca031afdce7c60050a90a-413x604.png,,,4-8t,,Nie
lyzka-kopiaca-100cm-3-5t,ÅyÅ¼ka kopiÄ…ca 100cm (3-5t),"ÅyÅ¼ka kopiÄ…ca 100cm do maszyn 3-5t. Lemiesz tnÄ…cy 150Ã—16mm Hardox HB500. Opcjonalnie: zÄ™by, spÃ³d Hardox HB500.

ğŸšš **Szybka dostawa:** Produkty dostÄ™pne na magazynie - wysyÅ‚ka w ciÄ…gu 24h od potwierdzenia zamÃ³wienia. Gwarantujemy dostawÄ™ w 48h na terenie caÅ‚ej Polski.",2952,23,2,ÅyÅ¼ki kat. 3-5 Tony,MiniTeamProject,new,https://cdn.sanity.io/images/3a7q0xhj/production/c3a3028b4ca999c80d2aad4bd495166147995355-1503x1221.png,,,,lyzki-kopiace,Nie
lyzka-kopiaca-18cm-1-1.5t,ÅyÅ¼ka kopiÄ…ca 18cm (1-1.5t),"ÅyÅ¼ka kopiÄ…ca 18cm do maszyn 1-1.5t. Lemiesz tnÄ…cy 110Ã—16mm Hardox HB500. Opcjonalnie: zÄ™by, spÃ³d Hardox HB500.

ğŸšš **Szybka dostawa:** Produkty dostÄ™pne na magazynie - wysyÅ‚ka w ciÄ…gu 24h od potwierdzenia zamÃ³wienia. Gwarantujemy dostawÄ™ w 48h na terenie caÅ‚ej Polski.",836.4,23,5,ÅyÅ¼ki kat. 1-1.5 Tony,MiniTeamProject,new,https://cdn.sanity.io/images/3a7q0xhj/production/5d137cce7e16cb9170373bd038cdd0bc03a62f4c-1484x1001.webp,,,,lyzki-kopiace,Nie
lyzka-kopiaca-20cm-1-1.5t,ÅyÅ¼ka kopiÄ…ca 20cm (1-1.5t),"ÅyÅ¼ka kopiÄ…ca 20cm do maszyn 1-1.5t. Lemiesz tnÄ…cy 110Ã—16mm Hardox HB500. Opcjonalnie: zÄ™by, spÃ³d Hardox HB500.

ğŸšš **Szybka dostawa:** Produkty dostÄ™pne na magazynie - wysyÅ‚ka w ciÄ…gu 24h od potwierdzenia zamÃ³wienia. Gwarantujemy dostawÄ™ w 48h na terenie caÅ‚ej Polski.",861,23,5,ÅyÅ¼ki kat. 1-1.5 Tony,MiniTeamProject,new,https://cdn.sanity.io/images/3a7q0xhj/production/5d137cce7e16cb9170373bd038cdd0bc03a62f4c-1484x1001.webp,,,,lyzki-kopiace,Nie
lyzka-kopiaca-23cm-1-1.5t,ÅyÅ¼ka kopiÄ…ca 23cm (1-1.5t),"ÅyÅ¼ka kopiÄ…ca 23cm do maszyn 1-1.5t. Lemiesz tnÄ…cy 110Ã—16mm Hardox HB500. Opcjonalnie: zÄ™by, spÃ³d Hardox HB500.

ğŸšš **Szybka dostawa:** Produkty dostÄ™pne na magazynie - wysyÅ‚ka w ciÄ…gu 24h od potwierdzenia zamÃ³wienia. Gwarantujemy dostawÄ™ w 48h na terenie caÅ‚ej Polski.",873.3,23,5,ÅyÅ¼ki kat. 1-1.5 Tony,MiniTeamProject,new,https://cdn.sanity.io/images/3a7q0xhj/production/5d137cce7e16cb9170373bd038cdd0bc03a62f4c-1484x1001.webp,,,,lyzki-kopiace,Nie
lyzka-kopiaca-25cm-1-1.5t,ÅyÅ¼ka kopiÄ…ca 25cm (1-1.5t),"ÅyÅ¼ka kopiÄ…ca 25cm do maszyn 1-1.5t. Lemiesz tnÄ…cy 110Ã—16mm Hardox HB500. Opcjonalnie: zÄ™by, spÃ³d Hardox HB500.

ğŸšš **Szybka dostawa:** Produkty dostÄ™pne na magazynie - wysyÅ‚ka w ciÄ…gu 24h od potwierdzenia zamÃ³wienia. Gwarantujemy dostawÄ™ w 48h na terenie caÅ‚ej Polski.",897.9,23,5,ÅyÅ¼ki kat. 1-1.5 Tony,MiniTeamProject,new,https://cdn.sanity.io/images/3a7q0xhj/production/5d137cce7e16cb9170373bd038cdd0bc03a62f4c-1484x1001.webp,,,,lyzki-kopiace,Nie
lyzka-kopiaca-25cm-1.5-2.3t,ÅyÅ¼ka kopiÄ…ca 25cm (1.5-2.3t),"ÅyÅ¼ka kopiÄ…ca 25cm do maszyn 1.5-2.3t. Lemiesz tnÄ…cy 110Ã—16mm Hardox HB500. Opcjonalnie: zÄ™by, spÃ³d Hardox HB500.

ğŸšš **Szybka dostawa:** Produkty dostÄ™pne na magazynie - wysyÅ‚ka w ciÄ…gu 24h od potwierdzenia zamÃ³wienia. Gwarantujemy dostawÄ™ w 48h na terenie caÅ‚ej Polski.",1180.8,23,5,ÅyÅ¼ki kat. 1.5-2.3 Tony,MiniTeamProject,new,https://cdn.sanity.io/images/3a7q0xhj/production/eb16beb212005f9f643314c6d9b2d32a91323f7c-3515x1628.webp,,,,lyzki-kopiace,Nie
lyzka-kopiaca-25cm-2-3-3t,ÅyÅ¼ka kopiÄ…ca 25cm (2.3-3t),"ÅyÅ¼ka kopiÄ…ca 25cm do maszyn 2.3-3 t. Lemiesz tnÄ…cy 150Ã—16mm Hardox HB500. SzybkozÅ‚Ä…cza MS03/CW05. Opcjonalnie: zÄ™by, spÃ³d Hardox HB500.

ğŸšš **Szybka dostawa:** Produkty dostÄ™pne na magazynie - wysyÅ‚ka w ciÄ…gu 24h od potwierdzenia zamÃ³wienia. Gwarantujemy dostawÄ™ w 48h na terenie caÅ‚ej Polski.",1303.8,23,5,ÅyÅ¼ki kat. 2.3-3 Tony,MiniTeamProject,new,https://cdn.sanity.io/images/3a7q0xhj/production/eb16beb212005f9f643314c6d9b2d32a91323f7c-3515x1628.webp,,,2-3t,lyzki-kopiace,Nie
lyzka-kopiaca-25cm-3-5t,ÅyÅ¼ka kopiÄ…ca 25cm (3-5t),"ÅyÅ¼ka kopiÄ…ca 25cm do maszyn 3-5t. Lemiesz tnÄ…cy 110Ã—16mm Hardox HB500. Opcjonalnie: zÄ™by, spÃ³d Hardox HB500.

ğŸšš **Szybka dostawa:** Produkty dostÄ™pne na magazynie - wysyÅ‚ka w ciÄ…gu 24h od potwierdzenia zamÃ³wienia. Gwarantujemy dostawÄ™ w 48h na terenie caÅ‚ej Polski.",1906.5,23,5,ÅyÅ¼ki kat. 3-5 Tony,MiniTeamProject,new,https://cdn.sanity.io/images/3a7q0xhj/production/207696739caa408b6d9252e16b3424fbc83d69d8-1230x1320.png,,,,lyzki-kopiace,Nie
lyzka-kopiaca-27cm-1-1.5t,ÅyÅ¼ka kopiÄ…ca 27cm (1-1.5t),"ÅyÅ¼ka kopiÄ…ca 27cm do maszyn 1-1.5t. Lemiesz tnÄ…cy 110Ã—16mm Hardox HB500. Opcjonalnie: zÄ™by, spÃ³d Hardox HB500.

ğŸšš **Szybka dostawa:** Produkty dostÄ™pne na magazynie - wysyÅ‚ka w ciÄ…gu 24h od potwierdzenia zamÃ³wienia. Gwarantujemy dostawÄ™ w 48h na terenie caÅ‚ej Polski.",910.2,23,5,ÅyÅ¼ki kat. 1-1.5 Tony,MiniTeamProject,new,https://cdn.sanity.io/images/3a7q0xhj/production/8bb49c7fcf1506dabef3a08e6e28a3b4e6255dfe-1484x980.webp,,,,lyzki-kopiace,Nie
lyzka-kopiaca-30cm-1-1.5t,ÅyÅ¼ka kopiÄ…ca 30cm (1-1.5t),"ÅyÅ¼ka kopiÄ…ca 30cm do maszyn 1-1.5t. Lemiesz tnÄ…cy 110Ã—16mm Hardox HB500. Opcjonalnie: zÄ™by, spÃ³d Hardox HB500.

ğŸšš **Szybka dostawa:** Produkty dostÄ™pne na magazynie - wysyÅ‚ka w ciÄ…gu 24h od potwierdzenia zamÃ³wienia. Gwarantujemy dostawÄ™ w 48h na terenie caÅ‚ej Polski.",934.8,23,5,ÅyÅ¼ki kat. 1-1.5 Tony,MiniTeamProject,new,https://cdn.sanity.io/images/3a7q0xhj/production/8bb49c7fcf1506dabef3a08e6e28a3b4e6255dfe-1484x980.webp,,,,lyzki-kopiace,Nie
lyzka-kopiaca-30cm-1.5-2.3t,ÅyÅ¼ka kopiÄ…ca 30cm (1.5-2.3t),"ÅyÅ¼ka kopiÄ…ca 30cm do maszyn 1.5-2.3t. Lemiesz tnÄ…cy 110Ã—16mm Hardox HB500. Opcjonalnie: zÄ™by, spÃ³d Hardox HB500.

ğŸšš **Szybka dostawa:** Produkty dostÄ™pne na magazynie - wysyÅ‚ka w ciÄ…gu 24h od potwierdzenia zamÃ³wienia. Gwarantujemy dostawÄ™ w 48h na terenie caÅ‚ej Polski.",1205.4,23,5,ÅyÅ¼ki kat. 1.5-2.3 Tony,MiniTeamProject,new,https://cdn.sanity.io/images/3a7q0xhj/production/abfd0c0df49aa23d96ccfb824994f6aa21e29e18-3515x1628.webp,,,,lyzki-kopiace,Nie
lyzka-kopiaca-30cm-2.3-3t,ÅyÅ¼ka kopiÄ…ca 30cm (2.3-3t),"ÅyÅ¼ka kopiÄ…ca 30cm do maszyn 2.3-3t. Lemiesz tnÄ…cy 110Ã—16mm Hardox HB500. Opcjonalnie: zÄ™by, spÃ³d Hardox HB500.

ğŸšš **Szybka dostawa:** Produkty dostÄ™pne na magazynie - wysyÅ‚ka w ciÄ…gu 24h od potwierdzenia zamÃ³wienia. Gwarantujemy dostawÄ™ w 48h na terenie caÅ‚ej Polski.",1328.4,23,5,ÅyÅ¼ki kat. 2.3-3 Tony,MiniTeamProject,new,https://cdn.sanity.io/images/3a7q0xhj/production/abfd0c0df49aa23d96ccfb824994f6aa21e29e18-3515x1628.webp,,,,lyzki-kopiace,Nie
lyzka-kopiaca-30cm-3-4-5t,ÅyÅ¼ka kopiÄ…ca 30cm (3-4.5t),"ÅyÅ¼ka kopiÄ…ca 30cm do maszyn 3-4.5 t. Kod: S3-30.

ğŸšš **Szybka dostawa:** Produkty dostÄ™pne na magazynie - wysyÅ‚ka w ciÄ…gu 24h od potwierdzenia zamÃ³wienia. Gwarantujemy dostawÄ™ w 48h na terenie caÅ‚ej Polski.",1955.7,23,2,ÅyÅ¼ki kat. 3-5 Tony,MiniTeamProject,new,https://cdn.sanity.io/images/3a7q0xhj/production/7b2ff088993646758ce4d3379bab5affb3e88b7a-1261x1343.png,,,3-4.5t,lyzki-kopiace,Nie
lyzka-kopiaca-30cm-3-5t,ÅyÅ¼ka kopiÄ…ca 30cm (3-5t),"ÅyÅ¼ka kopiÄ…ca 30cm do maszyn 3-5t. Lemiesz tnÄ…cy 110Ã—16mm Hardox HB500. Opcjonalnie: zÄ™by, spÃ³d Hardox HB500.

ğŸšš **Szybka dostawa:** Produkty dostÄ™pne na magazynie - wysyÅ‚ka w ciÄ…gu 24h od potwierdzenia zamÃ³wienia. Gwarantujemy dostawÄ™ w 48h na terenie caÅ‚ej Polski.",1955.7,23,5,ÅyÅ¼ki kat. 3-5 Tony,MiniTeamProject,new,https://cdn.sanity.io/images/3a7q0xhj/production/7b2ff088993646758ce4d3379bab5affb3e88b7a-1261x1343.png,,,,lyzki-kopiace,Nie
lyzka-kopiaca-35cm-3-5t,ÅyÅ¼ka kopiÄ…ca 35cm (3-5t),"ÅyÅ¼ka kopiÄ…ca 35cm do maszyn 3-5t. Lemiesz tnÄ…cy 150Ã—16mm Hardox HB500. Opcjonalnie: zÄ™by, spÃ³d Hardox HB500.

ğŸšš **Szybka dostawa:** Produkty dostÄ™pne na magazynie - wysyÅ‚ka w ciÄ…gu 24h od potwierdzenia zamÃ³wienia. Gwarantujemy dostawÄ™ w 48h na terenie caÅ‚ej Polski.",1992.6,23,5,ÅyÅ¼ki kat. 3-5 Tony,MiniTeamProject,new,https://cdn.sanity.io/images/3a7q0xhj/production/7b2ff088993646758ce4d3379bab5affb3e88b7a-1261x1343.png,,,,lyzki-kopiace,Nie
lyzka-kopiaca-40cm-1-1.5t,ÅyÅ¼ka kopiÄ…ca 40cm (1-1.5t),"ÅyÅ¼ka kopiÄ…ca 40cm do maszyn 1-1.5t. Lemiesz tnÄ…cy 150Ã—16mm Hardox HB500. Opcjonalnie: zÄ™by, spÃ³d Hardox HB500.

ğŸšš **Szybka dostawa:** Produkty dostÄ™pne na magazynie - wysyÅ‚ka w ciÄ…gu 24h od potwierdzenia zamÃ³wienia. Gwarantujemy dostawÄ™ w 48h na terenie caÅ‚ej Polski.",1119.3,23,5,ÅyÅ¼ki kat. 1-1.5 Tony,MiniTeamProject,new,https://cdn.sanity.io/images/3a7q0xhj/production/dc622282c0a2342a16387ac5172cfe021d8f1b86-1484x980.webp,,,,lyzki-kopiace,Nie
lyzka-kopiaca-40cm-1.5-2.3t,ÅyÅ¼ka kopiÄ…ca 40cm (1.5-2.3t),"ÅyÅ¼ka kopiÄ…ca 40cm do maszyn 1.5-2.3t. Lemiesz tnÄ…cy 150Ã—16mm Hardox HB500. Opcjonalnie: zÄ™by, spÃ³d Hardox HB500.

ğŸšš **Szybka dostawa:** Produkty dostÄ™pne na magazynie - wysyÅ‚ka w ciÄ…gu 24h od potwierdzenia zamÃ³wienia. Gwarantujemy dostawÄ™ w 48h na terenie caÅ‚ej Polski.",1328.4,23,5,ÅyÅ¼ki kat. 1.5-2.3 Tony,MiniTeamProject,new,https://cdn.sanity.io/images/3a7q0xhj/production/6034065444326fc7fb4008c4187263d81f522cec-3515x1628.webp,,,,lyzki-kopiace,Nie
lyzka-kopiaca-40cm-2.3-3t,ÅyÅ¼ka kopiÄ…ca 40cm (2.3-3t),"ÅyÅ¼ka kopiÄ…ca 40cm do maszyn 2.3-3t. Lemiesz tnÄ…cy 150Ã—16mm Hardox HB500. Opcjonalnie: zÄ™by, spÃ³d Hardox HB500.

ğŸšš **Szybka dostawa:** Produkty dostÄ™pne na magazynie - wysyÅ‚ka w ciÄ…gu 24h od potwierdzenia zamÃ³wienia. Gwarantujemy dostawÄ™ w 48h na terenie caÅ‚ej Polski.",1340.7,23,5,ÅyÅ¼ki kat. 2.3-3 Tony,MiniTeamProject,new,https://cdn.sanity.io/images/3a7q0xhj/production/6034065444326fc7fb4008c4187263d81f522cec-3515x1628.webp,,,,lyzki-kopiace,Nie
lyzka-kopiaca-40cm-3-5t,ÅyÅ¼ka kopiÄ…ca 40cm (3-5t),"ÅyÅ¼ka kopiÄ…ca 40cm do maszyn 3-5t. Lemiesz tnÄ…cy 150Ã—16mm Hardox HB500. Opcjonalnie: zÄ™by, spÃ³d Hardox HB500.

ğŸšš **Szybka dostawa:** Produkty dostÄ™pne na magazynie - wysyÅ‚ka w ciÄ…gu 24h od potwierdzenia zamÃ³wienia. Gwarantujemy dostawÄ™ w 48h na terenie caÅ‚ej Polski.",2054.1,23,5,ÅyÅ¼ki kat. 3-5 Tony,MiniTeamProject,new,https://cdn.sanity.io/images/3a7q0xhj/production/cf7740836cd148802108215c33c541b6b6b66419-1297x1302.png,,,,lyzki-kopiace,Nie
lyzka-kopiaca-45cm-1-1.5t,ÅyÅ¼ka kopiÄ…ca 45cm (1-1.5t),"ÅyÅ¼ka kopiÄ…ca 45cm do maszyn 1-1.5t. Lemiesz tnÄ…cy 150Ã—16mm Hardox HB500. Opcjonalnie: zÄ™by, spÃ³d Hardox HB500.

ğŸšš **Szybka dostawa:** Produkty dostÄ™pne na magazynie - wysyÅ‚ka w ciÄ…gu 24h od potwierdzenia zamÃ³wienia. Gwarantujemy dostawÄ™ w 48h na terenie caÅ‚ej Polski.",1020.9,23,5,ÅyÅ¼ki kat. 1-1.5 Tony,MiniTeamProject,new,https://cdn.sanity.io/images/3a7q0xhj/production/3f77b572b33dae23d4ccc0d0e8e5c07351e16276-1484x980.webp,,,,lyzki-kopiace,Nie
lyzka-kopiaca-45cm-1.5-2.3t,ÅyÅ¼ka kopiÄ…ca 45cm (1.5-2.3t),"ÅyÅ¼ka kopiÄ…ca 45cm do maszyn 1.5-2.3t. Lemiesz tnÄ…cy 150Ã—16mm Hardox HB500. Opcjonalnie: zÄ™by, spÃ³d Hardox HB500.

ğŸšš **Szybka dostawa:** Produkty dostÄ™pne na magazynie - wysyÅ‚ka w ciÄ…gu 24h od potwierdzenia zamÃ³wienia. Gwarantujemy dostawÄ™ w 48h na terenie caÅ‚ej Polski.",1377.6,23,5,ÅyÅ¼ki kat. 1.5-2.3 Tony,MiniTeamProject,new,https://cdn.sanity.io/images/3a7q0xhj/production/9c186087bae5c2053bb6da41d1c681dddc82abfb-3515x1628.webp,,,,lyzki-kopiace,Nie
lyzka-kopiaca-45cm-2.3-3t,ÅyÅ¼ka kopiÄ…ca 45cm (2.3-3t),"ÅyÅ¼ka kopiÄ…ca 45cm do maszyn 2.3-3t. Lemiesz tnÄ…cy 150Ã—16mm Hardox HB500. Opcjonalnie: zÄ™by, spÃ³d Hardox HB500.

ğŸšš **Szybka dostawa:** Produkty dostÄ™pne na magazynie - wysyÅ‚ka w ciÄ…gu 24h od potwierdzenia zamÃ³wienia. Gwarantujemy dostawÄ™ w 48h na terenie caÅ‚ej Polski.",1500.6,23,5,ÅyÅ¼ki kat. 2.3-3 Tony,MiniTeamProject,new,https://cdn.sanity.io/images/3a7q0xhj/production/9c186087bae5c2053bb6da41d1c681dddc82abfb-3515x1628.webp,,,,lyzki-kopiace,Nie
lyzka-kopiaca-45cm-3-5t,ÅyÅ¼ka kopiÄ…ca 45cm (3-5t),"ÅyÅ¼ka kopiÄ…ca 45cm do maszyn 3-5t. Lemiesz tnÄ…cy 150Ã—16mm Hardox HB500. Opcjonalnie: zÄ™by, spÃ³d Hardox HB500.

ğŸšš **Szybka dostawa:** Produkty dostÄ™pne na magazynie - wysyÅ‚ka w ciÄ…gu 24h od potwierdzenia zamÃ³wienia. Gwarantujemy dostawÄ™ w 48h na terenie caÅ‚ej Polski.",2127.9,23,5,ÅyÅ¼ki kat. 3-5 Tony,MiniTeamProject,new,https://cdn.sanity.io/images/3a7q0xhj/production/4d2f95d78da7340aa7d6db84324e35ebc19ab0cd-1345x1289.png,,,,lyzki-kopiace,Nie
lyzka-kopiaca-50cm-1-1.5t,ÅyÅ¼ka kopiÄ…ca 50cm (1-1.5t),"ÅyÅ¼ka kopiÄ…ca 50cm do maszyn 1-1.5t. Lemiesz tnÄ…cy 150Ã—16mm Hardox HB500. Opcjonalnie: zÄ™by, spÃ³d Hardox HB500.

ğŸšš **Szybka dostawa:** Produkty dostÄ™pne na magazynie - wysyÅ‚ka w ciÄ…gu 24h od potwierdzenia zamÃ³wienia. Gwarantujemy dostawÄ™ w 48h na terenie caÅ‚ej Polski.",1045.5,23,5,ÅyÅ¼ki kat. 1-1.5 Tony,MiniTeamProject,new,https://cdn.sanity.io/images/3a7q0xhj/production/3f77b572b33dae23d4ccc0d0e8e5c07351e16276-1484x980.webp,,,,lyzki-kopiace,Nie
lyzka-kopiaca-50cm-1.5-2.3t,ÅyÅ¼ka kopiÄ…ca 50cm (1.5-2.3t),"ÅyÅ¼ka kopiÄ…ca 50cm do maszyn 1.5-2.3t. Lemiesz tnÄ…cy 150Ã—16mm Hardox HB500. Opcjonalnie: zÄ™by, spÃ³d Hardox HB500.

ğŸšš **Szybka dostawa:** Produkty dostÄ™pne na magazynie - wysyÅ‚ka w ciÄ…gu 24h od potwierdzenia zamÃ³wienia. Gwarantujemy dostawÄ™ w 48h na terenie caÅ‚ej Polski.",1426.8,23,5,ÅyÅ¼ki kat. 1.5-2.3 Tony,MiniTeamProject,new,https://cdn.sanity.io/images/3a7q0xhj/production/9c186087bae5c2053bb6da41d1c681dddc82abfb-3515x1628.webp,,,,lyzki-kopiace,Nie
lyzka-kopiaca-50cm-2.3-3t,ÅyÅ¼ka kopiÄ…ca 50cm (2.3-3t),"ÅyÅ¼ka kopiÄ…ca 50cm do maszyn 2.3-3t. Lemiesz tnÄ…cy 150Ã—16mm Hardox HB500. Opcjonalnie: zÄ™by, spÃ³d Hardox HB500.

ğŸšš **Szybka dostawa:** Produkty dostÄ™pne na magazynie - wysyÅ‚ka w ciÄ…gu 24h od potwierdzenia zamÃ³wienia. Gwarantujemy dostawÄ™ w 48h na terenie caÅ‚ej Polski.",1549.8,23,5,ÅyÅ¼ki kat. 2.3-3 Tony,MiniTeamProject,new,https://cdn.sanity.io/images/3a7q0xhj/production/9c186087bae5c2053bb6da41d1c681dddc82abfb-3515x1628.webp,,,,lyzki-kopiace,Nie
lyzka-kopiaca-50cm-3-5t,ÅyÅ¼ka kopiÄ…ca 50cm (3-5t),"ÅyÅ¼ka kopiÄ…ca 50cm do maszyn 3-5t. Lemiesz tnÄ…cy 150Ã—16mm Hardox HB500. Opcjonalnie: zÄ™by, spÃ³d Hardox HB500.

ğŸšš **Szybka dostawa:** Produkty dostÄ™pne na magazynie - wysyÅ‚ka w ciÄ…gu 24h od potwierdzenia zamÃ³wienia. Gwarantujemy dostawÄ™ w 48h na terenie caÅ‚ej Polski.",2201.7,23,5,ÅyÅ¼ki kat. 3-5 Tony,MiniTeamProject,new,https://cdn.sanity.io/images/3a7q0xhj/production/fb823598dc907410bc209f08600dcd64a153e537-1456x1347.png,,,,lyzki-kopiace,Nie
lyzka-kopiaca-60cm-1-1.5t,ÅyÅ¼ka kopiÄ…ca 60cm (1-1.5t),"ÅyÅ¼ka kopiÄ…ca 60cm do maszyn 1-1.5t. Lemiesz tnÄ…cy 150Ã—16mm Hardox HB500. Opcjonalnie: zÄ™by, spÃ³d Hardox HB500.

ğŸšš **Szybka dostawa:** Produkty dostÄ™pne na magazynie - wysyÅ‚ka w ciÄ…gu 24h od potwierdzenia zamÃ³wienia. Gwarantujemy dostawÄ™ w 48h na terenie caÅ‚ej Polski.",1107,23,5,ÅyÅ¼ki kat. 1-1.5 Tony,MiniTeamProject,new,https://cdn.sanity.io/images/3a7q0xhj/production/cbcbbf809fab7572abad1248c707eb81228fe59e-1484x980.jpg,,,,lyzki-kopiace,Nie
lyzka-kopiaca-60cm-1.5-2.3t,ÅyÅ¼ka kopiÄ…ca 60cm (1.5-2.3t),"ÅyÅ¼ka kopiÄ…ca 60cm do maszyn 1.5-2.3t. Lemiesz tnÄ…cy 150Ã—16mm Hardox HB500. Opcjonalnie: zÄ™by, spÃ³d Hardox HB500.

ğŸšš **Szybka dostawa:** Produkty dostÄ™pne na magazynie - wysyÅ‚ka w ciÄ…gu 24h od potwierdzenia zamÃ³wienia. Gwarantujemy dostawÄ™ w 48h na terenie caÅ‚ej Polski.",1476,23,5,ÅyÅ¼ki kat. 1.5-2.3 Tony,MiniTeamProject,new,https://cdn.sanity.io/images/3a7q0xhj/production/26a72291f2f69aa02b638e3118a93124b3705307-3515x1628.webp,,,,lyzki-kopiace,Nie
lyzka-kopiaca-60cm-2.3-3t,ÅyÅ¼ka kopiÄ…ca 60cm (2.3-3t),"ÅyÅ¼ka kopiÄ…ca 60cm do maszyn 2.3-3t. Lemiesz tnÄ…cy 150Ã—16mm Hardox HB500. Opcjonalnie: zÄ™by, spÃ³d Hardox HB500.

ğŸšš **Szybka dostawa:** Produkty dostÄ™pne na magazynie - wysyÅ‚ka w ciÄ…gu 24h od potwierdzenia zamÃ³wienia. Gwarantujemy dostawÄ™ w 48h na terenie caÅ‚ej Polski.",1599,23,5,ÅyÅ¼ki kat. 2.3-3 Tony,MiniTeamProject,new,https://cdn.sanity.io/images/3a7q0xhj/production/26a72291f2f69aa02b638e3118a93124b3705307-3515x1628.webp,,,,lyzki-kopiace,Nie
lyzka-kopiaca-60cm-3-5t,ÅyÅ¼ka kopiÄ…ca 60cm (3-5t),"ÅyÅ¼ka kopiÄ…ca 60cm do maszyn 3-5t. Lemiesz tnÄ…cy 150Ã—16mm Hardox HB500. Opcjonalnie: zÄ™by, spÃ³d Hardox HB500.

ğŸšš **Szybka dostawa:** Produkty dostÄ™pne na magazynie - wysyÅ‚ka w ciÄ…gu 24h od potwierdzenia zamÃ³wienia. Gwarantujemy dostawÄ™ w 48h na terenie caÅ‚ej Polski.",2361.6,23,5,ÅyÅ¼ki kat. 3-5 Tony,MiniTeamProject,new,https://cdn.sanity.io/images/3a7q0xhj/production/f2c84a7feffbf98aee177fdf9f7d02a916779bb0-1426x1262.png,,,,lyzki-kopiace,Nie
lyzka-kopiaca-70cm-1-1.5t,ÅyÅ¼ka kopiÄ…ca 70cm (1-1.5t),"ÅyÅ¼ka kopiÄ…ca 70cm do maszyn 1-1.5t. Lemiesz tnÄ…cy 150Ã—16mm Hardox HB500. Opcjonalnie: zÄ™by, spÃ³d Hardox HB500.

ğŸšš **Szybka dostawa:** Produkty dostÄ™pne na magazynie - wysyÅ‚ka w ciÄ…gu 24h od potwierdzenia zamÃ³wienia. Gwarantujemy dostawÄ™ w 48h na terenie caÅ‚ej Polski.",1156.2,23,5,ÅyÅ¼ki kat. 1-1.5 Tony,MiniTeamProject,new,https://cdn.sanity.io/images/3a7q0xhj/production/ad997bd0cbc49ce512b5c2e0fcf50d06ea8af4dc-1484x980.webp,,,,lyzki-kopiace,Nie
lyzka-kopiaca-70cm-3-5t,ÅyÅ¼ka kopiÄ…ca 70cm (3-5t),"ÅyÅ¼ka kopiÄ…ca 70cm do maszyn 3-5t. Lemiesz tnÄ…cy 150Ã—16mm Hardox HB500. Opcjonalnie: zÄ™by, spÃ³d Hardox HB500.

ğŸšš **Szybka dostawa:** Produkty dostÄ™pne na magazynie - wysyÅ‚ka w ciÄ…gu 24h od potwierdzenia zamÃ³wienia. Gwarantujemy dostawÄ™ w 48h na terenie caÅ‚ej Polski.",2435.4,23,5,ÅyÅ¼ki kat. 3-5 Tony,MiniTeamProject,new,https://cdn.sanity.io/images/3a7q0xhj/production/f2c84a7feffbf98aee177fdf9f7d02a916779bb0-1426x1262.png,,,,lyzki-kopiace,Nie
lyzka-kopiaca-80cm-2.3-3t,ÅyÅ¼ka kopiÄ…ca 80cm (2.3-3t),"ÅyÅ¼ka kopiÄ…ca 80cm do maszyn 2.3-3t. Lemiesz tnÄ…cy 150Ã—16mm Hardox HB500. Opcjonalnie: zÄ™by, spÃ³d Hardox HB500.

ğŸšš **Szybka dostawa:** Produkty dostÄ™pne na magazynie - wysyÅ‚ka w ciÄ…gu 24h od potwierdzenia zamÃ³wienia. Gwarantujemy dostawÄ™ w 48h na terenie caÅ‚ej Polski.",1709.7,23,5,ÅyÅ¼ki kat. 2.3-3 Tony,MiniTeamProject,new,https://cdn.sanity.io/images/3a7q0xhj/production/3af400db642c50626917a1b75d702436217861df-3515x1628.webp,,,,lyzki-kopiace,Nie
lyzka-kopiaca-80cm-3-5t,ÅyÅ¼ka kopiÄ…ca 80cm (3-5t),"ÅyÅ¼ka kopiÄ…ca 80cm do maszyn 3-5t. Lemiesz tnÄ…cy 150Ã—16mm Hardox HB500. Opcjonalnie: zÄ™by, spÃ³d Hardox HB500.

ğŸšš **Szybka dostawa:** Produkty dostÄ™pne na magazynie - wysyÅ‚ka w ciÄ…gu 24h od potwierdzenia zamÃ³wienia. Gwarantujemy dostawÄ™ w 48h na terenie caÅ‚ej Polski.",2558.4,23,5,ÅyÅ¼ki kat. 3-5 Tony,MiniTeamProject,new,https://cdn.sanity.io/images/3a7q0xhj/production/c3a3028b4ca999c80d2aad4bd495166147995355-1503x1221.png,,,,lyzki-kopiace,Nie
lyzka-kopiaca-90cm-3-5t,ÅyÅ¼ka kopiÄ…ca 90cm (3-5t),"ÅyÅ¼ka kopiÄ…ca 90cm do maszyn 3-5t. Lemiesz tnÄ…cy 150Ã—16mm Hardox HB500. Opcjonalnie: zÄ™by, spÃ³d Hardox HB500.

ğŸšš **Szybka dostawa:** Produkty dostÄ™pne na magazynie - wysyÅ‚ka w ciÄ…gu 24h od potwierdzenia zamÃ³wienia. Gwarantujemy dostawÄ™ w 48h na terenie caÅ‚ej Polski.",2792.1,23,5,ÅyÅ¼ki kat. 3-5 Tony,MiniTeamProject,new,https://cdn.sanity.io/images/3a7q0xhj/production/c3a3028b4ca999c80d2aad4bd495166147995355-1503x1221.png,,,,lyzki-kopiace,Nie
lyzka-skarpowa-100cm-1-1.5t,ÅyÅ¼ka skarpowa 100cm (1-1.5t),"ÅyÅ¼ka skarpowa 100cm do maszyn 1-1.5t. Lemiesz tnÄ…cy 110Ã—16mm Hardox HB500. Typ skarpowy.

ğŸšš **Szybka dostawa:** Produkty dostÄ™pne na magazynie - wysyÅ‚ka w ciÄ…gu 24h od potwierdzenia zamÃ³wienia. Gwarantujemy dostawÄ™ w 48h na terenie caÅ‚ej Polski.",1279.2,23,5,ÅyÅ¼ki kat. 1-1.5 Tony,MiniTeamProject,new,https://cdn.sanity.io/images/3a7q0xhj/production/2ede9dbf174730473b4df7e47092d41b834ad68c-1484x980.jpg,,,,lyzki-skarpowe,Nie
lyzka-skarpowa-120cm-1.5-2.3t,ÅyÅ¼ka skarpowa 120cm (1.5-2.3t),"ÅyÅ¼ka skarpowa 120cm do maszyn 1.5-2.3t. Lemiesz tnÄ…cy 150Ã—16mm Hardox HB500. Typ skarpowy.

ğŸšš **Szybka dostawa:** Produkty dostÄ™pne na magazynie - wysyÅ‚ka w ciÄ…gu 24h od potwierdzenia zamÃ³wienia. Gwarantujemy dostawÄ™ w 48h na terenie caÅ‚ej Polski.",1906.5,23,5,ÅyÅ¼ki kat. 1.5-2.3 Tony,MiniTeamProject,new,https://cdn.sanity.io/images/3a7q0xhj/production/e761f4bbeb4ef263c35fe303a5c9713d20e044c2-1600x741.jpg,,,,lyzki-skarpowe,Nie
lyzka-skarpowa-120cm-2.3-3t,ÅyÅ¼ka skarpowa 120cm (2.3-3t),"ÅyÅ¼ka skarpowa 120cm do maszyn 2.3-3t. Lemiesz tnÄ…cy 150Ã—16mm Hardox HB500. Typ skarpowy.

ğŸšš **Szybka dostawa:** Produkty dostÄ™pne na magazynie - wysyÅ‚ka w ciÄ…gu 24h od potwierdzenia zamÃ³wienia. Gwarantujemy dostawÄ™ w 48h na terenie caÅ‚ej Polski.",1906.5,23,5,ÅyÅ¼ki kat. 2.3-3 Tony,MiniTeamProject,new,https://cdn.sanity.io/images/3a7q0xhj/production/d59355412b88368e18b8eb2b7a503b962d1abac6-1600x756.jpg,,,,lyzki-skarpowe,Nie
lyzka-skarpowa-120cm-3-5t,ÅyÅ¼ka skarpowa 120cm (3-5t),"ÅyÅ¼ka skarpowa 120cm do maszyn 3-5t. Lemiesz tnÄ…cy 150Ã—16mm Hardox HB500. Typ skarpowy.

ğŸšš **Szybka dostawa:** Produkty dostÄ™pne na magazynie - wysyÅ‚ka w ciÄ…gu 24h od potwierdzenia zamÃ³wienia. Gwarantujemy dostawÄ™ w 48h na terenie caÅ‚ej Polski.",2570.7,23,5,ÅyÅ¼ki kat. 3-5 Tony,MiniTeamProject,new,https://cdn.sanity.io/images/3a7q0xhj/production/356009bed6955d53177c7feda5109e19e06270af-1600x756.jpg,,,,lyzki-skarpowe,Nie
lyzka-skarpowa-130cm-1.5-2.3t,ÅyÅ¼ka skarpowa 130cm (1.5-2.3t),"ÅyÅ¼ka skarpowa 130cm do maszyn 1.5-2.3t. Lemiesz tnÄ…cy 150Ã—16mm Hardox HB500. Typ skarpowy.

ğŸšš **Szybka dostawa:** Produkty dostÄ™pne na magazynie - wysyÅ‚ka w ciÄ…gu 24h od potwierdzenia zamÃ³wienia. Gwarantujemy dostawÄ™ w 48h na terenie caÅ‚ej Polski.",2066.4,23,5,ÅyÅ¼ki kat. 1.5-2.3 Tony,MiniTeamProject,new,https://cdn.sanity.io/images/3a7q0xhj/production/e761f4bbeb4ef263c35fe303a5c9713d20e044c2-1600x741.jpg,,,,lyzki-skarpowe,Nie
lyzka-skarpowa-130cm-2.3-3t,ÅyÅ¼ka skarpowa 130cm (2.3-3t),"ÅyÅ¼ka skarpowa 130cm do maszyn 2.3-3t. Lemiesz tnÄ…cy 150Ã—16mm Hardox HB500. Typ skarpowy.

ğŸšš **Szybka dostawa:** Produkty dostÄ™pne na magazynie - wysyÅ‚ka w ciÄ…gu 24h od potwierdzenia zamÃ³wienia. Gwarantujemy dostawÄ™ w 48h na terenie caÅ‚ej Polski.",2066.4,23,5,ÅyÅ¼ki kat. 2.3-3 Tony,MiniTeamProject,new,https://cdn.sanity.io/images/3a7q0xhj/production/d59355412b88368e18b8eb2b7a503b962d1abac6-1600x756.jpg,,,,lyzki-skarpowe,Nie
lyzka-skarpowa-150cm-3-5t,ÅyÅ¼ka skarpowa 150cm (3-5t),"ÅyÅ¼ka skarpowa 150cm do maszyn 3-5t. Lemiesz tnÄ…cy 150Ã—16mm Hardox HB500. Typ skarpowy.

ğŸšš **Szybka dostawa:** Produkty dostÄ™pne na magazynie - wysyÅ‚ka w ciÄ…gu 24h od potwierdzenia zamÃ³wienia. Gwarantujemy dostawÄ™ w 48h na terenie caÅ‚ej Polski.",2706,23,5,ÅyÅ¼ki kat. 3-5 Tony,MiniTeamProject,new,https://cdn.sanity.io/images/3a7q0xhj/production/399d1d8d1a3da3c64d5e102256b4add8844f1d8d-1600x756.jpg,,,,lyzki-skarpowe,Nie
lyzka-skarpowa-80cm-1-1.5t,ÅyÅ¼ka skarpowa 80cm (1-1.5t),"ÅyÅ¼ka skarpowa 80cm do maszyn 1-1.5t. Lemiesz tnÄ…cy 110Ã—16mm Hardox HB500. Typ skarpowy.

ğŸšš **Szybka dostawa:** Produkty dostÄ™pne na magazynie - wysyÅ‚ka w ciÄ…gu 24h od potwierdzenia zamÃ³wienia. Gwarantujemy dostawÄ™ w 48h na terenie caÅ‚ej Polski.",1193.1,23,5,ÅyÅ¼ki kat. 1-1.5 Tony,MiniTeamProject,new,https://cdn.sanity.io/images/3a7q0xhj/production/485e39b413165b02fb5502a205798ca722c60e87-1484x980.webp,,,,lyzki-skarpowe,Nie
lyzka-skarpowa-90cm-1-1.5t,ÅyÅ¼ka skarpowa 90cm (1-1.5t),"ÅyÅ¼ka skarpowa 90cm do maszyn 1-1.5t. Lemiesz tnÄ…cy 110Ã—16mm Hardox HB500. Typ skarpowy.

ğŸšš **Szybka dostawa:** Produkty dostÄ™pne na magazynie - wysyÅ‚ka w ciÄ…gu 24h od potwierdzenia zamÃ³wienia. Gwarantujemy dostawÄ™ w 48h na terenie caÅ‚ej Polski.",1230,23,5,ÅyÅ¼ki kat. 1-1.5 Tony,MiniTeamProject,new,https://cdn.sanity.io/images/3a7q0xhj/production/c7ddbc3eb8d40de75e3fdd974c1b2c09caeda9c7-1484x980.webp,,,,lyzki-skarpowe,Nie